<?xml version="1.0" encoding="ISO-8859-1"?>
<!DOCTYPE application PUBLIC "-//Sun Microsystems, Inc.//DTD J2EE Application 1.3//EN" "http://java.sun.com/dtd/application_1_3.dtd">
<application>
	<display-name>site-ear</display-name>
	<module>
		<web>
			<web-uri>site-war</web-uri>
			<context-root></context-root>
		</web>
	</module>
	<module><ejb>kernel</ejb></module>
	<module><ejb>common</ejb></module>
	<module><ejb>categoria</ejb></module>
	<module><ejb>articulo</ejb></module>	
	<module><ejb>orden</ejb></module>
	<module><ejb>socio</ejb></module>
	<module><ejb>admin</ejb></module>
	<module><ejb>fidelizacion</ejb></module>
	<module><ejb>referido</ejb></module>
</application>
