<?xml version="1.0" encoding="UTF-8"?>
<!DOCTYPE ejb-jar PUBLIC "-//Sun Microsystems, Inc.//DTD Enterprise JavaBeans 2.0//EN" "http://java.sun.com/dtd/ejb-jar_2_0.dtd">
<ejb-jar>
	<enterprise-beans>
		<!--entity>
			<display-name>Evento</display-name>
			<ejb-name>Evento</ejb-name-->
			<!--
			<home>com.tmk.common.EventoHome</home>
			<remote>com.tmk.common.Evento</remote>
			-->
			<!--local-home>com.tmk.admin.EventoLocalHome</local-home>
			<local>com.tmk.admin.EventoLocal</local>
			<ejb-class>com.tmk.admin.EventoBean</ejb-class>
			<persistence-type>Container</persistence-type>
			<prim-key-class>java.lang.Integer</prim-key-class>
			<reentrant>True</reentrant>
			<cmp-version>2.x</cmp-version>
			<abstract-schema-name>EVENTO</abstract-schema-name>
			<cmp-field>
				<field-name>ID_EVENTO</field-name>
			</cmp-field>
			<cmp-field>
				<field-name>FECHA_INICIO</field-name>
			</cmp-field>
			<cmp-field>
				<field-name>DESCRIPCION</field-name>
			</cmp-field>
			<cmp-field>
				<field-name>ID_SUCURSAL</field-name>
			</cmp-field>
			<cmp-field>
				<field-name>ACTIVO</field-name>
			</cmp-field>
			<primkey-field>ID_EVENTO</primkey-field>
			<resource-ref>
				<res-ref-name>jdbc/admin</res-ref-name>
				<res-type>javax.sql.DataSource</res-type>
				<res-auth>Container</res-auth>
			</resource-ref>
			<query>
				<description>Evento.findAll()</description>
				<query-method>
					<method-name>findAll</method-name>
					<method-params/>
				</query-method>
				<ejb-ql>SELECT OBJECT(o) FROM EVENTO AS o</ejb-ql>
			</query>
			<query>
				<description>Evento.findActivos()</description>
				<query-method>
					<method-name>findActivos</method-name>
					<method-params />
				</query-method>
				<ejb-ql>SELECT OBJECT(o) FROM EVENTO AS o WHERE o.ACTIVO = 1</ejb-ql>
			</query>
		</entity-->
		<entity>
			<display-name>Usuario</display-name>
			<ejb-name>Usuario</ejb-name>
			<local-home>com.tmk.admin.UsuarioLocalHome</local-home>
			<local>com.tmk.admin.UsuarioLocal</local>
			<ejb-class>com.tmk.admin.UsuarioBean</ejb-class>
			<persistence-type>Container</persistence-type>
			<prim-key-class>java.lang.Integer</prim-key-class>
			<reentrant>True</reentrant>
			<cmp-version>2.x</cmp-version>
			<abstract-schema-name>USUARIO_APLICACION</abstract-schema-name>
			<cmp-field>
				<field-name>ID_USUARIO</field-name>
			</cmp-field>
			<cmp-field>
				<field-name>LOGIN</field-name>
			</cmp-field>
			<cmp-field>
				<field-name>PASSWORD</field-name>
			</cmp-field>
			<cmp-field>
				<field-name>NOMBRES</field-name>
			</cmp-field>
			<cmp-field>
				<field-name>APELLIDOS</field-name>
			</cmp-field>
			<cmp-field>
				<field-name>ESTADO</field-name>
			</cmp-field>
			<cmp-field>
				<field-name>FECHA_ALTA</field-name>
			</cmp-field>
			<cmp-field>
				<field-name>USUARIO_ALTA</field-name>
			</cmp-field>
			<cmp-field>
				<field-name>FECHA_MODIF</field-name>
			</cmp-field>
			<cmp-field>
				<field-name>USUARIO_MODIF</field-name>
			</cmp-field>
			<primkey-field>ID_USUARIO</primkey-field>
			<ejb-local-ref>
				<ejb-ref-name>Usuario</ejb-ref-name>
				<ejb-ref-type>Entity</ejb-ref-type>
				<local-home>com.tmk.admin.UsuarioLocalHome</local-home>
				<local>com.tmk.admin.UsuarioLocal</local>
				<ejb-link>ejb/Usuario</ejb-link>
			</ejb-local-ref>
			<security-identity>
				<use-caller-identity/>
			</security-identity>
			<resource-ref>
				<res-ref-name>jdbc/admin</res-ref-name>
				<res-type>javax.sql.DataSource</res-type>
				<res-auth>Container</res-auth>
			</resource-ref>
		</entity>
		<!--entity>
			<display-name>UsuarioRol</display-name>
			<ejb-name>UsuarioRol</ejb-name>
			<local-home>com.tmk.admin.UsuarioRolLocalHome</local-home>
			<local>com.tmk.admin.UsuarioRolLocal</local>
			<ejb-class>com.tmk.admin.UsuarioRolBean</ejb-class>
			<persistence-type>Container</persistence-type>
			<prim-key-class>com.tmk.admin.UsuarioRolPK</prim-key-class>
			<reentrant>True</reentrant>
			<cmp-version>2.x</cmp-version>
			<abstract-schema-name>USUARIO_X_ROL_APLICACION</abstract-schema-name>
			<cmp-field>
				<field-name>ROL</field-name>
			</cmp-field>
			<cmp-field>
				<field-name>ID_USUARIO</field-name>
			</cmp-field>
			<cmp-field>
				<field-name>ESTADO</field-name>
			</cmp-field>
			<cmp-field>
				<field-name>FECHA_ALTA</field-name>
			</cmp-field>
			<cmp-field>
				<field-name>USUARIO_ALTA</field-name>
			</cmp-field>
			<cmp-field>
				<field-name>FECHA_MODIF</field-name>
			</cmp-field>
			<cmp-field>
				<field-name>USUARIO_MODIF</field-name>
			</cmp-field>
			<ejb-local-ref>
				<ejb-ref-name>UsuarioRol</ejb-ref-name>
				<ejb-ref-type>Entity</ejb-ref-type>
				<local-home>com.tmk.admin.UsuarioRolLocalHome</local-home>
				<local>com.tmk.admin.UsuarioRolLocal</local>
				<ejb-link>ejb/UsuarioRol</ejb-link>
			</ejb-local-ref>
			<security-identity>
				<use-caller-identity/>
			</security-identity>
			<resource-ref>
				<res-ref-name>jdbc/admin</res-ref-name>
				<res-type>javax.sql.DataSource</res-type>
				<res-auth>Container</res-auth>
			</resource-ref>
		</entity>
		<entity>
			<display-name>Rol</display-name>
			<ejb-name>Rol</ejb-name>
			<local-home>com.tmk.admin.RolLocalHome</local-home>
			<local>com.tmk.admin.RolLocal</local>
			<ejb-class>com.tmk.admin.RolBean</ejb-class>
			<persistence-type>Container</persistence-type>
			<prim-key-class>java.lang.String</prim-key-class>
			<reentrant>True</reentrant>
			<cmp-version>2.x</cmp-version>
			<abstract-schema-name>ROL_APLICACION</abstract-schema-name>
			<cmp-field>
				<field-name>ROL</field-name>
			</cmp-field>
			<cmp-field>
				<field-name>COMENTARIO</field-name>
			</cmp-field>
			<cmp-field>
				<field-name>ESTADO</field-name>
			</cmp-field>
			<cmp-field>
				<field-name>FECHA_ALTA</field-name>
			</cmp-field>
			<cmp-field>
				<field-name>USUARIO_ALTA</field-name>
			</cmp-field>
			<cmp-field>
				<field-name>FECHA_MODIF</field-name>
			</cmp-field>
			<cmp-field>
				<field-name>USUARIO_MODIF</field-name>
			</cmp-field>
			<primkey-field>ROL</primkey-field>
			<ejb-local-ref>
				<ejb-ref-name>Rol</ejb-ref-name>
				<ejb-ref-type>Entity</ejb-ref-type>
				<local-home>com.tmk.admin.RolLocalHome</local-home>
				<local>com.tmk.admin.RolLocal</local>
				<ejb-link>ejb/Rol</ejb-link>
			</ejb-local-ref>
			<security-identity>
				<use-caller-identity/>
			</security-identity>
			<resource-ref>
				<res-ref-name>jdbc/admin</res-ref-name>
				<res-type>javax.sql.DataSource</res-type>
				<res-auth>Container</res-auth>
			</resource-ref>
		</entity>
		<entity>
			<display-name>Funcion</display-name>
			<ejb-name>Funcion</ejb-name>
			<local-home>com.tmk.admin.FuncionLocalHome</local-home>
			<local>com.tmk.admin.FuncionLocal</local>
			<ejb-class>com.tmk.admin.FuncionBean</ejb-class>
			<persistence-type>Container</persistence-type>
			<prim-key-class>java.lang.String</prim-key-class>
			<reentrant>True</reentrant>
			<cmp-version>2.x</cmp-version>
			<abstract-schema-name>FUNCION_APLICACION</abstract-schema-name>
			<cmp-field>
				<field-name>FUNCION</field-name>
			</cmp-field>
			<cmp-field>
				<field-name>ESTADO</field-name>
			</cmp-field>
			<cmp-field>
				<field-name>FECHA_ALTA</field-name>
			</cmp-field>
			<cmp-field>
				<field-name>USUARIO_ALTA</field-name>
			</cmp-field>
			<cmp-field>
				<field-name>FECHA_MODIF</field-name>
			</cmp-field>
			<cmp-field>
				<field-name>USUARIO_MODIF</field-name>
			</cmp-field>
			<primkey-field>FUNCION</primkey-field>
			<ejb-local-ref>
				<ejb-ref-name>Funcion</ejb-ref-name>
				<ejb-ref-type>Entity</ejb-ref-type>
				<local-home>com.tmk.admin.FuncionLocalHome</local-home>
				<local>com.tmk.admin.FuncionLocal</local>
				<ejb-link>ejb/Funcion</ejb-link>
			</ejb-local-ref>
			<security-identity>
				<use-caller-identity/>
			</security-identity>
			<resource-ref>
				<res-ref-name>jdbc/admin</res-ref-name>
				<res-type>javax.sql.DataSource</res-type>
				<res-auth>Container</res-auth>
			</resource-ref>
		</entity>
		<entity>
			<display-name>FuncionRol</display-name>
			<ejb-name>FuncionRol</ejb-name>
			<local-home>com.tmk.admin.FuncionRolLocalHome</local-home>
			<local>com.tmk.admin.FuncionRolLocal</local>
			<ejb-class>com.tmk.admin.FuncionRolBean</ejb-class>
			<persistence-type>Container</persistence-type>
			<prim-key-class>com.tmk.admin.FuncionRolPK</prim-key-class>
			<reentrant>True</reentrant>
			<cmp-version>2.x</cmp-version>
			<abstract-schema-name>FUNCION_X_ROL_APLICACION</abstract-schema-name>
			<cmp-field>
				<field-name>ROL</field-name>
			</cmp-field>
			<cmp-field>
				<field-name>FUNCION</field-name>
			</cmp-field>
			<cmp-field>
				<field-name>ESTADO</field-name>
			</cmp-field>
			<cmp-field>
				<field-name>FECHA_ALTA</field-name>
			</cmp-field>
			<cmp-field>
				<field-name>USUARIO_ALTA</field-name>
			</cmp-field>
			<cmp-field>
				<field-name>FECHA_MODIF</field-name>
			</cmp-field>
			<cmp-field>
				<field-name>USUARIO_MODIF</field-name>
			</cmp-field>
			<ejb-local-ref>
				<ejb-ref-name>FuncionRol</ejb-ref-name>
				<ejb-ref-type>Entity</ejb-ref-type>
				<local-home>com.tmk.admin.FuncionRolLocalHome</local-home>
				<local>com.tmk.admin.FuncionRolLocal</local>
				<ejb-link>ejb/FuncionRol</ejb-link>
			</ejb-local-ref>
			<security-identity>
				<use-caller-identity/>
			</security-identity>
			<resource-ref>
				<res-ref-name>jdbc/admin</res-ref-name>
				<res-type>javax.sql.DataSource</res-type>
				<res-auth>Container</res-auth>
			</resource-ref>
		</entity-->
		<entity>
			<display-name>Alianza</display-name>
			<ejb-name>Alianza</ejb-name>
			<local-home>com.tmk.admin.AlianzaLocalHome</local-home>
			<local>com.tmk.admin.AlianzaLocal</local>
			<ejb-class>com.tmk.admin.AlianzaBean</ejb-class>
			<persistence-type>Container</persistence-type>
			<prim-key-class>java.lang.Integer</prim-key-class>
			<reentrant>True</reentrant>
			<cmp-version>2.x</cmp-version>
			<abstract-schema-name>ALIANZA</abstract-schema-name>
			<cmp-field>
				<field-name>ID_ALIANZA</field-name>
			</cmp-field>
			<cmp-field>
				<field-name>RAZON_SOCIAL</field-name>
			</cmp-field>
			<cmp-field>
				<field-name>URL</field-name>
			</cmp-field>
			<cmp-field>
				<field-name>TIPO_NEGOCIO</field-name>
			</cmp-field>
			<cmp-field>
				<field-name>CUIT</field-name>
			</cmp-field>
			<cmp-field>
				<field-name>USUARIO</field-name>
			</cmp-field>
			<cmp-field>
				<field-name>CLAVE</field-name>
			</cmp-field>
			<cmp-field>
				<field-name>ID_TIPO_CONTRIBUYENTE</field-name>
			</cmp-field>
			<cmp-field>
				<field-name>NOMBRE_CONTACTO</field-name>
			</cmp-field>
			<cmp-field>
				<field-name>APELLIDO_CONTACTO</field-name>
			</cmp-field>
			<cmp-field>
				<field-name>CARGO_CONTACTO</field-name>
			</cmp-field>
			<cmp-field>
				<field-name>NOMBRE_PAGO_COMISION</field-name>
			</cmp-field>
			<cmp-field>
				<field-name>APELLIDO_PAGO_COMISION</field-name>
			</cmp-field>
			<cmp-field>
				<field-name>E_MAIL_1</field-name>
			</cmp-field>
			<cmp-field>
				<field-name>E_MAIL_2</field-name>
			</cmp-field>
			<cmp-field>
				<field-name>TIPO_COMISION</field-name>
			</cmp-field>
			<cmp-field>
				<field-name>FECHA_BAJA</field-name>
			</cmp-field>
            <cmp-field>
				<field-name>PORC_COMISION_PARTICULAR</field-name>
			</cmp-field>

			<primkey-field>ID_ALIANZA</primkey-field>
			<ejb-local-ref>
				<ejb-ref-name>Alianza</ejb-ref-name>
				<ejb-ref-type>Entity</ejb-ref-type>
				<local-home>com.tmk.admin.AlianzaLocalHome</local-home>
				<local>com.tmk.admin.AlianzaLocal</local>
				<ejb-link>ejb/Alianza</ejb-link>
			</ejb-local-ref>
			<security-identity>
				<use-caller-identity/>
			</security-identity>
			<resource-ref>
				<res-ref-name>jdbc/admin</res-ref-name>
				<res-type>javax.sql.DataSource</res-type>
				<res-auth>Container</res-auth>
			</resource-ref>
			<query>
				<description>Alianza.findAll()</description>
				<query-method>
					<method-name>findAll</method-name>
					<method-params/>
				</query-method>
				<result-type-mapping>Local</result-type-mapping>
				<ejb-ql>SELECT OBJECT(o) FROM ALIANZA AS o WHERE o.FECHA_BAJA IS NULL</ejb-ql>
			</query>
			<query>
				<description>Alianza.findByUsuarioClave()</description>
				<query-method>
					<method-name>findByUsuarioClave</method-name>
					<method-params>
						<method-param>java.lang.String</method-param>
						<method-param>java.lang.String</method-param>
					</method-params>
				</query-method>
				<ejb-ql>SELECT OBJECT(o) FROM ALIANZA AS o WHERE o.USUARIO = ?1 AND o.CLAVE = ?2</ejb-ql>
			</query>
			<query>
				<description>Alianza.findByUsuario()</description>
				<query-method>
					<method-name>findByUsuario</method-name>
					<method-params>
						<method-param>java.lang.String</method-param>
					</method-params>
				</query-method>
				<ejb-ql>SELECT OBJECT(o) FROM ALIANZA AS o WHERE o.USUARIO = ?1</ejb-ql>
			</query>
            <!--query>
				<description>Alianza.findBySocio()</description>
				<query-method>
					<method-name>findBySocio</method-name>
					<method-params>
						<method-param>java.lang.Integer</method-param>
					</method-params>
				</query-method>
				<ejb-ql>SELECT OBJECT(o) FROM ALIANZA AS o WHERE o.ID_SOCIO = ?1</ejb-ql>
			</query-->
		</entity>
		<entity>
			<display-name>AlianzaDomicilio</display-name>
			<ejb-name>AlianzaDomicilio</ejb-name>
			<local-home>com.tmk.admin.AlianzaDomicilioLocalHome</local-home>
			<local>com.tmk.admin.AlianzaDomicilioLocal</local>
			<ejb-class>com.tmk.admin.AlianzaDomicilioBean</ejb-class>
			<persistence-type>Container</persistence-type>
			<prim-key-class>com.tmk.admin.AlianzaDomicilioPK</prim-key-class>
			<reentrant>True</reentrant>
			<cmp-version>2.x</cmp-version>
			<abstract-schema-name>ALIANZA_DOMICILIO</abstract-schema-name>
			<cmp-field>
				<field-name>ID_ALIANZA</field-name>
			</cmp-field>
			<cmp-field>
				<field-name>TIPO_DOMICILIO</field-name>
			</cmp-field>
			<cmp-field>
				<field-name>CALLE</field-name>
			</cmp-field>
			<cmp-field>
				<field-name>NUMERO</field-name>
			</cmp-field>
			<cmp-field>
				<field-name>EDIFICIO</field-name>
			</cmp-field>
			<cmp-field>
				<field-name>PISO</field-name>
			</cmp-field>
			<cmp-field>
				<field-name>DEPTO</field-name>
			</cmp-field>
			<cmp-field>
				<field-name>CP</field-name>
			</cmp-field>
			<cmp-field>
				<field-name>ID_LOCALIDAD</field-name>
			</cmp-field>
			<cmp-field>
				<field-name>ID_PROVINCIA</field-name>
			</cmp-field>
			<cmp-field>
				<field-name>ID_PAIS</field-name>
			</cmp-field>
			<ejb-local-ref>
				<ejb-ref-name>AlianzaDomicilio</ejb-ref-name>
				<ejb-ref-type>Entity</ejb-ref-type>
				<local-home>com.tmk.admin.AlianzaDomicilioLocalHome</local-home>
				<local>com.tmk.admin.AlianzaDomicilioLocal</local>
				<ejb-link>ejb/AlianzaDomicilio</ejb-link>
			</ejb-local-ref>
			<security-identity>
				<use-caller-identity/>
			</security-identity>
			<resource-ref>
				<res-ref-name>jdbc/admin</res-ref-name>
				<res-type>javax.sql.DataSource</res-type>
				<res-auth>Container</res-auth>
			</resource-ref>
			<query>
				<description>AlianzaDomicilio.findByAlianza()</description>
				<query-method>
					<method-name>findByAlianza</method-name>
					<method-params>
						<method-param>java.lang.Integer</method-param>
					</method-params>
				</query-method>
				<result-type-mapping>Local</result-type-mapping>
				<ejb-ql>SELECT OBJECT(o) FROM ALIANZA_DOMICILIO AS o WHERE o.ID_ALIANZA = ?1</ejb-ql>
			</query>
		</entity>
		<entity>
			<display-name>AlianzaTelefono</display-name>
			<ejb-name>AlianzaTelefono</ejb-name>
			<local-home>com.tmk.admin.AlianzaTelefonoLocalHome</local-home>
			<local>com.tmk.admin.AlianzaTelefonoLocal</local>
			<ejb-class>com.tmk.admin.AlianzaTelefonoBean</ejb-class>
			<persistence-type>Container</persistence-type>
			<prim-key-class>com.tmk.admin.AlianzaTelefonoPK</prim-key-class>
			<reentrant>True</reentrant>
			<cmp-version>2.x</cmp-version>
			<abstract-schema-name>ALIANZA_TELEFONO</abstract-schema-name>
			<cmp-field>
				<field-name>ID_ALIANZA</field-name>
			</cmp-field>
			<cmp-field>
				<field-name>TIPO_TELEFONO</field-name>
			</cmp-field>
			<cmp-field>
				<field-name>COD_AREA</field-name>
			</cmp-field>
			<cmp-field>
				<field-name>NRO_TEL</field-name>
			</cmp-field>
			<cmp-field>
				<field-name>EXT_INT</field-name>
			</cmp-field>
			<ejb-local-ref>
				<ejb-ref-name>AlianzaTelefono</ejb-ref-name>
				<ejb-ref-type>Entity</ejb-ref-type>
				<local-home>com.tmk.admin.AlianzaTelefonoLocalHome</local-home>
				<local>com.tmk.admin.AlianzaTelefonoLocal</local>
				<ejb-link>ejb/AlianzaTelefono</ejb-link>
			</ejb-local-ref>
			<security-identity>
				<use-caller-identity/>
			</security-identity>
			<resource-ref>
				<res-ref-name>jdbc/admin</res-ref-name>
				<res-type>javax.sql.DataSource</res-type>
				<res-auth>Container</res-auth>
			</resource-ref>
			<query>
				<description>AlianzaTelefono.findByAlianza()</description>
				<query-method>
					<method-name>findByAlianza</method-name>
					<method-params>
						<method-param>java.lang.Integer</method-param>
					</method-params>
				</query-method>
				<result-type-mapping>Local</result-type-mapping>
				<ejb-ql>SELECT OBJECT(o) FROM ALIANZA_TELEFONO AS o WHERE o.ID_ALIANZA = ?1</ejb-ql>
			</query>
		</entity>
		<entity>
			<display-name>AlianzaSeccion</display-name>
			<ejb-name>AlianzaSeccion</ejb-name>
			<local-home>com.tmk.admin.AlianzaSeccionLocalHome</local-home>
			<local>com.tmk.admin.AlianzaSeccionLocal</local>
			<ejb-class>com.tmk.admin.AlianzaSeccionBean</ejb-class>
			<persistence-type>Container</persistence-type>
			<prim-key-class>com.tmk.admin.AlianzaSeccionPK</prim-key-class>
			<reentrant>True</reentrant>
			<cmp-version>2.x</cmp-version>
			<abstract-schema-name>ALIANZA_SECCION</abstract-schema-name>
			<cmp-field>
				<field-name>ID_SECCION</field-name>
			</cmp-field>
			<cmp-field>
				<field-name>ID_ALIANZA</field-name>
			</cmp-field>
			<cmp-field>
				<field-name>SECCION_NOMBRE</field-name>
			</cmp-field>
			<cmp-field>
				<field-name>FECHA_BAJA</field-name>
			</cmp-field>
			<ejb-local-ref>
				<ejb-ref-name>AlianzaSeccion</ejb-ref-name>
				<ejb-ref-type>Entity</ejb-ref-type>
				<local-home>com.tmk.admin.AlianzaSeccionLocalHome</local-home>
				<local>com.tmk.admin.AlianzaSeccionLocal</local>
				<ejb-link>ejb/AlianzaSeccion</ejb-link>
			</ejb-local-ref>
			<security-identity>
				<use-caller-identity/>
			</security-identity>
			<resource-ref>
				<res-ref-name>jdbc/admin</res-ref-name>
				<res-type>javax.sql.DataSource</res-type>
				<res-auth>Container</res-auth>
			</resource-ref>
			<query>
				<description>AlianzaSeccion.findByAlianza()</description>
				<query-method>
					<method-name>findByAlianza</method-name>
					<method-params>
						<method-param>java.lang.Integer</method-param>
					</method-params>
				</query-method>
				<result-type-mapping>Local</result-type-mapping>
				<ejb-ql>SELECT OBJECT(o) FROM ALIANZA_SECCION AS o WHERE o.ID_ALIANZA = ?1</ejb-ql>
			</query>
			<query>
				<description>AlianzaSeccion.findVigentes()</description>
				<query-method>
					<method-name>findVigentes</method-name>
					<method-params>
						<method-param>java.lang.Integer</method-param>
					</method-params>
				</query-method>
				<ejb-ql>SELECT OBJECT(o) FROM ALIANZA_SECCION AS o WHERE o.ID_ALIANZA = ?1 AND o.FECHA_BAJA IS NULL</ejb-ql>
			</query>
		</entity>
		<entity>
			<display-name>TarjetaVerificada</display-name>
			<ejb-name>TarjetaVerificada</ejb-name>
			<local-home>com.tmk.admin.TarjetaVerificadaLocalHome</local-home>
			<local>com.tmk.admin.TarjetaVerificadaLocal</local>
			<ejb-class>com.tmk.admin.TarjetaVerificadaBean</ejb-class>
			<persistence-type>Container</persistence-type>
			<prim-key-class>java.lang.Integer</prim-key-class>
			<reentrant>True</reentrant>
			<cmp-version>2.x</cmp-version>
			<abstract-schema-name>TARJETA_VERIFICADA</abstract-schema-name>
			<cmp-field>
				<field-name>ID</field-name>
			</cmp-field>
			<cmp-field>
				<field-name>NRO_TARJETA</field-name>
			</cmp-field>
			<cmp-field>
				<field-name>NOMBRES_SOCIO</field-name>
			</cmp-field>
			<cmp-field>
				<field-name>APELLIDOS_SOCIO</field-name>
			</cmp-field>
			<cmp-field>
				<field-name>E_MAIL</field-name>
			</cmp-field>
			<cmp-field>
				<field-name>CALLE_ENVIO</field-name>
			</cmp-field>
			<cmp-field>
				<field-name>NUMERO_ENVIO</field-name>
			</cmp-field>
			<cmp-field>
				<field-name>EDIFICIO_ENVIO</field-name>
			</cmp-field>
			<cmp-field>
				<field-name>PISO_ENVIO</field-name>
			</cmp-field>
			<cmp-field>
				<field-name>DEPTO_ENVIO</field-name>
			</cmp-field>
			<cmp-field>
				<field-name>CP_ENVIO</field-name>
			</cmp-field>
			<cmp-field>
				<field-name>ID_PAIS_ENVIO</field-name>
			</cmp-field>
			<cmp-field>
				<field-name>ID_PROVINCIA_ENVIO</field-name>
			</cmp-field>
			<cmp-field>
				<field-name>ID_LOCALIDAD_ENVIO</field-name>
			</cmp-field>
			<cmp-field>
				<field-name>CALLE_FACT</field-name>
			</cmp-field>
			<cmp-field>
				<field-name>NUMERO_FACT</field-name>
			</cmp-field>
			<cmp-field>
				<field-name>EDIFICIO_FACT</field-name>
			</cmp-field>
			<cmp-field>
				<field-name>PISO_FACT</field-name>
			</cmp-field>
			<cmp-field>
				<field-name>DEPTO_FACT</field-name>
			</cmp-field>
			<cmp-field>
				<field-name>CP_FACT</field-name>
			</cmp-field>
			<cmp-field>
				<field-name>ID_PAIS_FACT</field-name>
			</cmp-field>
			<cmp-field>
				<field-name>ID_PROVINCIA_FACT</field-name>
			</cmp-field>
			<cmp-field>
				<field-name>ID_LOCALIDAD_FACT</field-name>
			</cmp-field>
			<cmp-field>
				<field-name>NIVEL_RIESGO</field-name>
			</cmp-field>
			<cmp-field>
				<field-name>COMENTARIOS</field-name>
			</cmp-field>
			<primkey-field>ID</primkey-field>
			<ejb-local-ref>
				<ejb-ref-name>TarjetaVerificada</ejb-ref-name>
				<ejb-ref-type>Entity</ejb-ref-type>
				<local-home>com.tmk.admin.TarjetaVerificadaLocalHome</local-home>
				<local>com.tmk.admin.TarjetaVerificadaLocal</local>
				<ejb-link>ejb/TarjetaVerificada</ejb-link>
			</ejb-local-ref>
			<security-identity>
				<use-caller-identity/>
			</security-identity>
			<resource-ref>
				<res-ref-name>jdbc/admin</res-ref-name>
				<res-type>javax.sql.DataSource</res-type>
				<res-auth>Container</res-auth>
			</resource-ref>
			<query>
				<query-method>
					<method-name>findAll</method-name>
					<method-params>
					</method-params>
				</query-method>
				<result-type-mapping>Local</result-type-mapping>
				<ejb-ql>SELECT OBJECT(o) FROM TARJETA_VERIFICADA o</ejb-ql>
			</query>
		</entity>
	</enterprise-beans>
</ejb-jar>

