<?xml version="1.0" encoding="UTF-8"?>
<!DOCTYPE jrun-ejb-jar PUBLIC "-//Macromedia, Inc.//DTD jrun-ejb 4.0//EN" "http://jrun.macromedia.com/dtds/jrun-ejb-jar.dtd">
<jrun-ejb-jar>
	<source>jdbc/admin</source>
	<enterprise-beans>
		<!--entity>
			<ejb-name>Evento</ejb-name>
			<jndi-name>Evento</jndi-name>
			<commit-option>B</commit-option>
			<jdbc-mappings>
				<create-table>false</create-table>
			</jdbc-mappings>
		</entity-->
		<entity>
			<ejb-name>Alianza</ejb-name>
			<jndi-name>Alianza</jndi-name>
			<commit-option>B</commit-option>
			<jdbc-mappings>
				<create-table>false</create-table>
			</jdbc-mappings>
		</entity>
		<entity>
			<ejb-name>AlianzaDomicilio</ejb-name>
			<jndi-name>AlianzaDomicilio</jndi-name>
			<commit-option>B</commit-option>
			<jdbc-mappings>
				<create-table>false</create-table>
			</jdbc-mappings>
		</entity>
		<entity>
			<ejb-name>AlianzaTelefono</ejb-name>
			<jndi-name>AlianzaTelefono</jndi-name>
			<commit-option>B</commit-option>
			<jdbc-mappings>
				<create-table>false</create-table>
			</jdbc-mappings>
		</entity>
		<entity>
			<ejb-name>AlianzaSeccion</ejb-name>
			<jndi-name>AlianzaSeccion</jndi-name>
			<commit-option>B</commit-option>
			<jdbc-mappings>
				<create-table>false</create-table>
			</jdbc-mappings>
		</entity>

		<entity>
			<ejb-name>Usuario</ejb-name>
			<jndi-name>Usuario</jndi-name>
			<commit-option>B</commit-option>
			<jdbc-mappings>
				<create-table>false</create-table>
			</jdbc-mappings>
		</entity>
		<entity>
			<ejb-name>UsuarioRol</ejb-name>
			<jndi-name>UsuarioRol</jndi-name>
			<commit-option>B</commit-option>
			<jdbc-mappings>
				<create-table>false</create-table>
			</jdbc-mappings>
		</entity>
		<entity>
			<ejb-name>Rol</ejb-name>
			<jndi-name>Rol</jndi-name>
			<commit-option>B</commit-option>
			<jdbc-mappings>
				<create-table>false</create-table>
			</jdbc-mappings>
		</entity>
		<entity>
			<ejb-name>Funcion</ejb-name>
			<jndi-name>Funcion</jndi-name>
			<commit-option>B</commit-option>
			<jdbc-mappings>
				<create-table>false</create-table>
			</jdbc-mappings>
		</entity>
		<entity>
			<ejb-name>FuncionRol</ejb-name>
			<jndi-name>FuncionRol</jndi-name>
			<commit-option>B</commit-option>
			<jdbc-mappings>
				<create-table>false</create-table>
			</jdbc-mappings>
		</entity>
		<entity>
			<ejb-name>TarjetaVerificada</ejb-name>
			<jndi-name>TarjetaVerificada</jndi-name>
			<commit-option>A</commit-option>
			<jdbc-mappings>
				<create-table>false</create-table>
			</jdbc-mappings>
		</entity>
	</enterprise-beans>
</jrun-ejb-jar>

