<?xml version="1.0" encoding="UTF-8"?>
<!DOCTYPE ejb-jar PUBLIC "-//Sun Microsystems, Inc.//DTD Enterprise JavaBeans 2.0//EN" "http://java.sun.com/dtd/ejb-jar_2_0.dtd">


<ejb-jar>
   <enterprise-beans>

      <entity>
         <display-name>Referido</display-name>
         <ejb-name>Referido</ejb-name>
         <local-home>com.tmk.referido.ReferidoLocalHome</local-home>
         <local>com.tmk.referido.ReferidoLocal</local>
         <ejb-class>com.tmk.referido.ReferidoBean</ejb-class>
         <persistence-type>Container</persistence-type>
         <prim-key-class>java.lang.Long</prim-key-class>
         <reentrant>True</reentrant>
         <cmp-version>2.x</cmp-version>
         <abstract-schema-name>REFERIDO</abstract-schema-name>
         <cmp-field>
            <field-name>ID_SOCIO_REFERENTE</field-name>
         </cmp-field>
         <cmp-field>
            <field-name>ID_SUCURSAL_REFERENTE</field-name>
         </cmp-field>
         <cmp-field>
            <field-name>ID_SOCIO_REFERIDO</field-name>
         </cmp-field>
         <cmp-field>
            <field-name>ID_SUCURSAL_REFERIDO</field-name>
         </cmp-field>
         <cmp-field>
            <field-name>CODIGO_REFERIDO</field-name>
         </cmp-field>
         <cmp-field>
            <field-name>ID_ORDEN_REFERIDO</field-name>
         </cmp-field>
         <cmp-field>
            <field-name>ESTADO</field-name>
         </cmp-field>
         <cmp-field>
            <field-name>NOMBRE_REFERIDO</field-name>
         </cmp-field>
         <cmp-field>
            <field-name>APELLIDO_REFERIDO</field-name>
         </cmp-field>
         <cmp-field>
            <field-name>EMAIL_REFERIDO</field-name>
         </cmp-field>
         <cmp-field>
            <field-name>FECHA</field-name>
         </cmp-field>
         <cmp-field>
            <field-name>FECHA_VENC_REFERIDO</field-name>
         </cmp-field>
         <cmp-field>
            <field-name>FECHA_VENC_REFERENTE</field-name>
         </cmp-field>
         <cmp-field>
            <field-name>CUPON_REFERIDO</field-name>
         </cmp-field>
         <cmp-field>
            <field-name>CUPON_REFERENTE</field-name>
         </cmp-field>
	      <cmp-field>
            <field-name>BENEF_REFERIDO</field-name>
         </cmp-field>
	      <cmp-field>
            <field-name>BENEF_REFERENTE</field-name>
         </cmp-field>
		<primkey-field>CODIGO_REFERIDO</primkey-field>
	     <security-identity>
            <use-caller-identity/>
         </security-identity>
         <query>
		      <query-method>
		         <method-name>findBySocioReferido</method-name>
		         <method-params>
                  <method-param>java.lang.Integer</method-param>
			      <method-param>java.lang.Integer</method-param>
               </method-params>
		      </query-method>
		      <result-type-mapping>Local</result-type-mapping>
		      <ejb-ql>SELECT OBJECT(o) FROM REFERIDO AS o</ejb-ql>
		  </query>
	      <query>
		      <query-method>
		         <method-name>findBySocioReferenteEstado</method-name>
		         <method-params>
                  <method-param>java.lang.Integer</method-param>
			      <method-param>java.lang.Integer</method-param>
			      <method-param>java.lang.String</method-param>
               </method-params>
		      </query-method>
		      <result-type-mapping>Local</result-type-mapping>
		      <ejb-ql>SELECT OBJECT(o) FROM REFERIDO AS o</ejb-ql>
		  </query>
	      <query>
		      <query-method>
		         <method-name>findByOrdenReferido</method-name>
		         <method-params>
                  <method-param>java.lang.Integer</method-param>
               </method-params>
		      </query-method>
		      <result-type-mapping>Local</result-type-mapping>
		      <ejb-ql>SELECT OBJECT(o) FROM REFERIDO AS o</ejb-ql>
		  </query>
	      <query>
		      <query-method>
		         <method-name>findBySocioReferenteDisponibles</method-name>
		         <method-params>
                  <method-param>java.lang.Integer</method-param>
			      <method-param>java.lang.Integer</method-param>
               </method-params>
		      </query-method>
		      <result-type-mapping>Local</result-type-mapping>
		      <ejb-ql>SELECT OBJECT(o) FROM REFERIDO AS o</ejb-ql>
		  </query>
	      <query>
		      <query-method>
		         <method-name>findBySocioReferenteEnProceso</method-name>
		         <method-params>
                  <method-param>java.lang.Integer</method-param>
			      <method-param>java.lang.Integer</method-param>
               </method-params>
		      </query-method>
		      <result-type-mapping>Local</result-type-mapping>
		      <ejb-ql>SELECT OBJECT(o) FROM REFERIDO AS o</ejb-ql>
		  </query>
	      <query>
		      <query-method>
		         <method-name>findBySocioReferenteVencidos</method-name>
		         <method-params>
                  <method-param>java.lang.Integer</method-param>
			      <method-param>java.lang.Integer</method-param>
               </method-params>
		      </query-method>
		      <result-type-mapping>Local</result-type-mapping>
		      <ejb-ql>SELECT OBJECT(o) FROM REFERIDO AS o</ejb-ql>
		  </query>
      </entity>



      <entity>
         <display-name>ReferenteOrden</display-name>
         <ejb-name>ReferenteOrden</ejb-name>
         <local-home>com.tmk.referido.ReferenteOrdenLocalHome</local-home>
         <local>com.tmk.referido.ReferenteOrdenLocal</local>
         <ejb-class>com.tmk.referido.ReferenteOrdenBean</ejb-class>
         <persistence-type>Container</persistence-type>
         <prim-key-class>com.tmk.referido.ReferenteOrdenPK</prim-key-class>
         <reentrant>True</reentrant>
         <cmp-version>2.x</cmp-version>
         <abstract-schema-name>REFERENTE_ORDEN</abstract-schema-name>
         <cmp-field>
            <field-name>CODIGO</field-name>
         </cmp-field>
         <cmp-field>
            <field-name>ID_ORDEN_REFERENTE</field-name>
         </cmp-field>
         <security-identity>
            <use-caller-identity />
         </security-identity>
	      <query>
		      <query-method>
		         <method-name>findByReferido</method-name>
		         <method-params>
                  <method-param>java.lang.Long</method-param>
               </method-params>
		      </query-method>
		      <result-type-mapping>Local</result-type-mapping>
		      <ejb-ql>SELECT OBJECT(o) FROM REFERENTE_ORDEN AS o</ejb-ql>
		   </query>

	      <query>
		      <query-method>
		         <method-name>findByOrdenReferente</method-name>
		         <method-params>
                  <method-param>java.lang.Integer</method-param>
               </method-params>
		      </query-method>
		      <result-type-mapping>Local</result-type-mapping>
		      <ejb-ql>SELECT OBJECT(o) FROM REFERENTE_ORDEN AS o</ejb-ql>
		   </query>

      </entity>

   </enterprise-beans>
</ejb-jar>

