<?xml version="1.0" encoding="UTF-8"?>
<!DOCTYPE ejb-jar PUBLIC "-//Sun Microsystems, Inc.//DTD Enterprise JavaBeans 2.0//EN" "http://java.sun.com/dtd/ejb-jar_2_0.dtd">
<ejb-jar>
	<enterprise-beans>
		<!-- 
		<entity>
			<display-name>Socio</display-name>
			<ejb-name>Socio</ejb-name>			
			<local-home>com.tmk.socio.SocioLocalHome</local-home>
			<local>com.tmk.socio.SocioLocal</local>
			<ejb-class>com.tmk.socio.SocioBean</ejb-class>
			<persistence-type>Container</persistence-type>
			<prim-key-class>com.tmk.socio.SocioPK</prim-key-class>
			<reentrant>True</reentrant>
			<cmp-version>2.x</cmp-version>
			<abstract-schema-name>SOCIOS2</abstract-schema-name>
			<cmp-field>
				<field-name>ID_SUCURSAL</field-name>
			</cmp-field>
			<cmp-field>
				<field-name>ID_SOCIO</field-name>
			</cmp-field>
			<cmp-field>
				<field-name>ID_CAAL</field-name>
			</cmp-field>
			<cmp-field>
				<field-name>ID_TIPO_CONTRIBUYENTE</field-name>
			</cmp-field>
			<cmp-field>
				<field-name>TIPO_PERSONA</field-name>
			</cmp-field>
			<cmp-field>
				<field-name>SEXO</field-name>
			</cmp-field>
			<cmp-field>
				<field-name>NOMBRES</field-name>
			</cmp-field>
			<cmp-field>
				<field-name>APELLIDOS</field-name>
			</cmp-field>
			<cmp-field>
				<field-name>TIPO_DOC</field-name>
			</cmp-field>
			<cmp-field>
				<field-name>NRO_DOC</field-name>
			</cmp-field>
			<cmp-field>
				<field-name>NACIONALIDAD</field-name>
			</cmp-field>
			<cmp-field>
				<field-name>FECHA_NACIMIENTO</field-name>
			</cmp-field>
			<cmp-field>
				<field-name>ESTADO_CIVIL</field-name>
			</cmp-field>
			<cmp-field>
				<field-name>HIJOS</field-name>
			</cmp-field>
			<cmp-field>
				<field-name>ID_PROFESION</field-name>
			</cmp-field>
			<cmp-field>
				<field-name>PASSWORD</field-name>
			</cmp-field>
			<cmp-field>
				<field-name>LOGIN</field-name>
			</cmp-field>
			<cmp-field>
				<field-name>E_MAIL1</field-name>
			</cmp-field>
			<cmp-field>
				<field-name>INFO_EXTRA</field-name>
			</cmp-field>
			<cmp-field>
				<field-name>INFO_TERCEROS</field-name>
			</cmp-field>
			<cmp-field>
				<field-name>INTERNET_CASA</field-name>
			</cmp-field>
			<cmp-field>
				<field-name>PC_CASA</field-name>
			</cmp-field>
			<cmp-field>
				<field-name>AUXFLAG2</field-name>
			</cmp-field>
			<ejb-local-ref>
				<ejb-ref-name>Socio</ejb-ref-name>
				<ejb-ref-type>Entity</ejb-ref-type>
				<local-home>com.tmk.socio.SocioLocalHome</local-home>
				<local>com.tmk.socio.SocioLocal</local>
				<ejb-link>ejb/Socio</ejb-link>
			</ejb-local-ref>
			<security-identity>
				<use-caller-identity/>
			</security-identity>
			<resource-ref>
				<res-ref-name>jdbc/site</res-ref-name>
				<res-type>javax.sql.DataSource</res-type>
				<res-auth>Container</res-auth>
			</resource-ref>
			<query>
				<query-method>
					<method-name>findRepetidosAUnificar</method-name>
					<method-params>
						<method-param>java.lang.String</method-param>
						<method-param>java.lang.String</method-param>
						<method-param>java.lang.Long</method-param>
						<method-param>java.lang.Integer</method-param>
					</method-params>
				</query-method>
				<ejb-ql>SELECT OBJECT(o) FROM SOCIOS2 AS o</ejb-ql>
			</query>
			<query>
				<query-method>
					<method-name>findRepetidosDelSitio</method-name>
					<method-params>
						<method-param>java.lang.String</method-param>
						<method-param>java.lang.String</method-param>
						<method-param>java.lang.Long</method-param>
						<method-param>java.lang.Integer</method-param>
					</method-params>
				</query-method>
				<ejb-ql>SELECT OBJECT(o) FROM SOCIOS2 AS o</ejb-ql>
			</query>			
		</entity>
		-->
		<entity>
			<display-name>TarjetaSocio</display-name>
			<ejb-name>TarjetaSocio</ejb-name>			
			<local-home>com.tmk.socio.TarjetaSocioLocalHome</local-home>
			<local>com.tmk.socio.TarjetaSocioLocal</local>
			<ejb-class>com.tmk.socio.TarjetaSocioBean</ejb-class>
			<persistence-type>Container</persistence-type>
			<prim-key-class>com.tmk.socio.TarjetaSocioPK</prim-key-class>
			<reentrant>True</reentrant>
			<cmp-version>2.x</cmp-version>
			<abstract-schema-name>TARJETA_SOCIO</abstract-schema-name>
			<cmp-field>
				<field-name>ID_SUCURSAL_SOCIO</field-name>
			</cmp-field>
			<cmp-field>
				<field-name>ID_SOCIO</field-name>
			</cmp-field>
			<cmp-field>
				<field-name>ID_ITEM</field-name>
			</cmp-field>
			<cmp-field>
				<field-name>ID_MEDIO_COBRO</field-name>
			</cmp-field>
			<cmp-field>
				<field-name>NRO_TARJETA</field-name>
			</cmp-field>
			<cmp-field>
				<field-name>NOMBRE_TITULAR</field-name>
			</cmp-field>
			<cmp-field>
				<field-name>TIPO_DOC</field-name>
			</cmp-field>
			<cmp-field>
				<field-name>NRO_DOC</field-name>
			</cmp-field>
			<cmp-field>
				<field-name>DIRECCION_RESUMEN</field-name>
			</cmp-field>
			<ejb-local-ref>
				<ejb-ref-name>TarjetaSocio</ejb-ref-name>
				<ejb-ref-type>Entity</ejb-ref-type>
				<local-home>com.tmk.socio.TarjetaSocioHome</local-home>
				<local>com.tmk.socio.TarjetaSocio</local>
				<ejb-link>ejb/TarjetaSocio</ejb-link>
			</ejb-local-ref>
			<security-identity>
				<use-caller-identity/>
			</security-identity>
			<resource-ref>
				<res-ref-name>jdbc/site</res-ref-name>
				<res-type>javax.sql.DataSource</res-type>
				<res-auth>Container</res-auth>
			</resource-ref>
			<query>
				<description>TarjetaSocio.findBySocio()</description>
				<query-method>
					<method-name>findBySocio</method-name>
					<method-params>
						<method-param>java.lang.Integer</method-param>
						<method-param>java.lang.Integer</method-param>
					</method-params>
				</query-method>
				<ejb-ql>SELECT OBJECT(o) FROM TARJETA_SOCIO AS o WHERE o.ID_SUCURSAL_SOCIO = ?1 AND o.ID_SOCIO = ?2</ejb-ql>
			</query>
		</entity>
		<entity>
			<display-name>SocioTelefono</display-name>
			<ejb-name>SocioTelefono</ejb-name>			
			<local-home>com.tmk.socio.SocioTelefonoLocalHome</local-home>
			<local>com.tmk.socio.SocioTelefonoLocal</local>
			<ejb-class>com.tmk.socio.SocioTelefonoBean</ejb-class>
			<persistence-type>Container</persistence-type>
			<prim-key-class>com.tmk.socio.SocioTelefonoPK</prim-key-class>
			<reentrant>True</reentrant>
			<cmp-version>2.x</cmp-version>
			<abstract-schema-name>SOCIOS_TELEFONOS</abstract-schema-name>
			<cmp-field>
				<field-name>ID_SUCURSAL</field-name>
			</cmp-field>
			<cmp-field>
				<field-name>ID_SOCIO</field-name>
			</cmp-field>
			<cmp-field>
				<field-name>TIPO_TELEFONO</field-name>
			</cmp-field>
			<cmp-field>
				<field-name>COD_AREA</field-name>
			</cmp-field>
			<cmp-field>
				<field-name>NRO_TEL</field-name>
			</cmp-field>
			<cmp-field>
				<field-name>EXT_INT</field-name>
			</cmp-field>
			<cmp-field>
				<field-name>COMENTARIOS</field-name>
			</cmp-field>
			<cmp-field>
				<field-name>F_ALTA</field-name>
			</cmp-field>
			<cmp-field>
				<field-name>USR_ALTA</field-name>
			</cmp-field>
			<cmp-field>
				<field-name>F_MODI</field-name>
			</cmp-field>
			<cmp-field>
				<field-name>USR_MODI</field-name>
			</cmp-field>
			<ejb-local-ref>
				<ejb-ref-name>SocioTelefono</ejb-ref-name>
				<ejb-ref-type>Entity</ejb-ref-type>
				<local-home>com.tmk.socio.SocioTelefonoHome</local-home>
				<local>com.tmk.socio.SocioTelefono</local>
				<ejb-link>ejb/SocioTelefono</ejb-link>
			</ejb-local-ref>
			<security-identity>
				<use-caller-identity/>
			</security-identity>
			<resource-ref>
				<res-ref-name>jdbc/site</res-ref-name>
				<res-type>javax.sql.DataSource</res-type>
				<res-auth>Container</res-auth>
			</resource-ref>
			<query>
				<description>SocioTelefono.findBySocio()</description>
				<query-method>
					<method-name>findBySocio</method-name>
					<method-params>
						<method-param>java.lang.Integer</method-param>
						<method-param>java.lang.Integer</method-param>
					</method-params>
				</query-method>
				<ejb-ql>SELECT OBJECT(o) FROM SOCIOS_TELEFONOS AS o WHERE o.ID_SUCURSAL = ?1 AND o.ID_SOCIO = ?2</ejb-ql>
			</query>
		</entity>
		<entity>
			<display-name>SocioDomicilio</display-name>
			<ejb-name>SocioDomicilio</ejb-name>
			<local-home>com.tmk.socio.SocioDomicilioLocalHome</local-home>
			<local>com.tmk.socio.SocioDomicilioLocal</local>
			<ejb-class>com.tmk.socio.SocioDomicilioBean</ejb-class>
			<persistence-type>Container</persistence-type>
			<prim-key-class>com.tmk.socio.SocioDomicilioPK</prim-key-class>
			<reentrant>False</reentrant>
			<cmp-version>2.x</cmp-version>
			<abstract-schema-name>SOCIOS_DOMICILIOS</abstract-schema-name>
			<cmp-field>
				<field-name>ID_SUCURSAL</field-name>
			</cmp-field>
			<cmp-field>
				<field-name>ID_SOCIO</field-name>
			</cmp-field>
			<cmp-field>
				<field-name>TIPO_DOMICILIO</field-name>
			</cmp-field>
			<cmp-field>
				<field-name>CALLE</field-name>
			</cmp-field>
			<cmp-field>
				<field-name>NUMERO</field-name>
			</cmp-field>
			<cmp-field>
				<field-name>EDIFICIO</field-name>
			</cmp-field>
			<cmp-field>
				<field-name>PISO</field-name>
			</cmp-field>
			<cmp-field>
				<field-name>DEPTO</field-name>
			</cmp-field>
			<cmp-field>
				<field-name>CP</field-name>
			</cmp-field>
			<cmp-field>
				<field-name>ID_LOCALIDAD</field-name>
			</cmp-field>
			<cmp-field>
				<field-name>ID_PROVINCIA</field-name>
			</cmp-field>
			<cmp-field>
				<field-name>ID_PAIS</field-name>
			</cmp-field>
			<cmp-field>
				<field-name>DESCRIPCION_PROVINCIA_INEX</field-name>
			</cmp-field>
			<cmp-field>
				<field-name>DESCRIPCION_LOCALIDAD_INEX</field-name>
			</cmp-field>
			<ejb-local-ref>
				<ejb-ref-name>SocioDomicilio</ejb-ref-name>
				<ejb-ref-type>Entity</ejb-ref-type>
				<local-home>com.tmk.socio.SocioDomicilioLocalHome</local-home>
				<local>com.tmk.socio.SocioDomicilioLocal</local>
				<ejb-link>ejb/SocioDomicilio</ejb-link>
			</ejb-local-ref>
			<security-identity>
				<use-caller-identity/>
			</security-identity>
			<resource-ref>
				<res-ref-name>jdbc/site</res-ref-name>
				<res-type>javax.sql.DataSource</res-type>
				<res-auth>Container</res-auth>
			</resource-ref>
			<query>
				<description>SocioDomicilio.findBySocio()</description>
				<query-method>
					<method-name>findBySocio</method-name>
					<method-params>
						<method-param>java.lang.Integer</method-param>
						<method-param>java.lang.Integer</method-param>
					</method-params>
				</query-method>
				<ejb-ql>SELECT OBJECT(o) FROM SOCIOS_DOMICILIOS AS o WHERE o.ID_SUCURSAL = ?1 AND o.ID_SOCIO = ?2</ejb-ql>
			</query>
			<query>
				<description>SocioDomicilio.findByTipoEnvio()</description>
				<query-method>
					<method-name>findByTipoEnvio</method-name>
					<method-params>
						<method-param>java.lang.Integer</method-param>
						<method-param>java.lang.Integer</method-param>
					</method-params>
				</query-method>
				<ejb-ql>SELECT OBJECT(o) FROM SOCIOS_DOMICILIOS AS o WHERE o.ID_SUCURSAL = ?1 AND o.ID_SOCIO = ?2 AND o.TIPO_DOMICILIO LIKE 'EN%'</ejb-ql>
			</query>
			<query>
				<description>SocioDomicilio.findByTipoFacturacion()</description>
				<query-method>
					<method-name>findByTipoFacturacion</method-name>
					<method-params>
						<method-param>java.lang.Integer</method-param>
						<method-param>java.lang.Integer</method-param>
					</method-params>
				</query-method>
				<ejb-ql>SELECT OBJECT(o) FROM SOCIOS_DOMICILIOS AS o WHERE o.ID_SUCURSAL = ?1 AND o.ID_SOCIO = ?2 AND o.TIPO_DOMICILIO LIKE 'TF%'</ejb-ql>
			</query>

		</entity>
		<!-- 
		<entity>
			<display-name>BufferSocio</display-name>
			<ejb-name>BufferSocio</ejb-name>			
			<local-home>com.tmk.socio.BufferSocioLocalHome</local-home>
			<local>com.tmk.socio.BufferSocioLocal</local>
			<ejb-class>com.tmk.socio.BufferSocioBean</ejb-class>
			<persistence-type>Container</persistence-type>
			<prim-key-class>com.tmk.socio.BufferSocioPK</prim-key-class>
			<reentrant>True</reentrant>
			<cmp-version>2.x</cmp-version>
			<abstract-schema-name>BUFFER_SOCIOS</abstract-schema-name>
			<cmp-field>
				<field-name>ID_SUCURSAL</field-name>
			</cmp-field>
			<cmp-field>
				<field-name>ID_SOCIO</field-name>
			</cmp-field>
			<cmp-field>
				<field-name>ID_CAAL</field-name>
			</cmp-field>
			<cmp-field>
				<field-name>ID_TIPO_CONTRIBUYENTE</field-name>
			</cmp-field>
			<cmp-field>
				<field-name>TIPO_PERSONA</field-name>
			</cmp-field>
			<cmp-field>
				<field-name>SEXO</field-name>
			</cmp-field>
			<cmp-field>
				<field-name>NOMBRES</field-name>
			</cmp-field>
			<cmp-field>
				<field-name>APELLIDOS</field-name>
			</cmp-field>
			<cmp-field>
				<field-name>TIPO_DOC</field-name>
			</cmp-field>
			<cmp-field>
				<field-name>NRO_DOC</field-name>
			</cmp-field>
			<cmp-field>
				<field-name>NACIONALIDAD</field-name>
			</cmp-field>
			<cmp-field>
				<field-name>FECHA_NACIMIENTO</field-name>
			</cmp-field>
			<cmp-field>
				<field-name>ESTADO_CIVIL</field-name>
			</cmp-field>
			<cmp-field>
				<field-name>HIJOS</field-name>
			</cmp-field>
			<cmp-field>
				<field-name>ID_PROFESION</field-name>
			</cmp-field>
			<cmp-field>
				<field-name>PASSWORD</field-name>
			</cmp-field>
			<cmp-field>
				<field-name>LOGIN</field-name>
			</cmp-field>
			<cmp-field>
				<field-name>PROCESADO</field-name>
			</cmp-field>
			<cmp-field>
				<field-name>E_MAIL1</field-name>
			</cmp-field>
			<cmp-field>
				<field-name>INFO_EXTRA</field-name>
			</cmp-field>
			<cmp-field>
				<field-name>INFO_TERCEROS</field-name>
			</cmp-field>
			<cmp-field>
				<field-name>INTERNET_CASA</field-name>
			</cmp-field>
			<cmp-field>
				<field-name>PC_CASA</field-name>
			</cmp-field>
			<cmp-field>
				<field-name>PROCESADO_ECL</field-name>
			</cmp-field>
			<cmp-field>
				<field-name>AUXFLAG2</field-name>
			</cmp-field>
			
			<ejb-local-ref>
				<ejb-ref-name>BufferSocio</ejb-ref-name>
				<ejb-ref-type>Entity</ejb-ref-type>
				<local-home>com.tmk.socio.BufferSocioHome</local-home>
				<local>com.tmk.socio.BufferSocioLocal</local>
				<ejb-link>ejb/BufferSocio</ejb-link>
			</ejb-local-ref>
			<security-identity>
				<use-caller-identity/>
			</security-identity>
			<resource-ref>
				<res-ref-name>jdbc/site</res-ref-name>
				<res-type>javax.sql.DataSource</res-type>
				<res-auth>Container</res-auth>
			</resource-ref>
		</entity>
		-->
		<entity>
			<display-name>BufferSocioDomicilio</display-name>
			<ejb-name>BufferSocioDomicilio</ejb-name>			
			<local-home>com.tmk.socio.BufferSocioDomicilioLocalHome</local-home>
			<local>com.tmk.socio.BufferSocioDomicilioLocal</local>
			<ejb-class>com.tmk.socio.BufferSocioDomicilioBean</ejb-class>
			<persistence-type>Container</persistence-type>
			<prim-key-class>com.tmk.socio.BufferSocioDomicilioPK</prim-key-class>
			<reentrant>True</reentrant>
			<cmp-version>2.x</cmp-version>
			<abstract-schema-name>BUFFER_SOCIOS_DOMICILIOS</abstract-schema-name>
			<cmp-field>
				<field-name>ID_SUCURSAL</field-name>
			</cmp-field>
			<cmp-field>
				<field-name>ID_SOCIO</field-name>
			</cmp-field>
			<cmp-field>
				<field-name>TIPO_DOMICILIO</field-name>
			</cmp-field>
			<cmp-field>
				<field-name>CALLE</field-name>
			</cmp-field>
			<cmp-field>
				<field-name>NUMERO</field-name>
			</cmp-field>
			<cmp-field>
				<field-name>EDIFICIO</field-name>
			</cmp-field>
			<cmp-field>
				<field-name>PISO</field-name>
			</cmp-field>
			<cmp-field>
				<field-name>DEPTO</field-name>
			</cmp-field>
			<cmp-field>
				<field-name>CP</field-name>
			</cmp-field>
			<cmp-field>
				<field-name>ID_LOCALIDAD</field-name>
			</cmp-field>
			<cmp-field>
				<field-name>ID_PROVINCIA</field-name>
			</cmp-field>
			<cmp-field>
				<field-name>ID_PAIS</field-name>
			</cmp-field>
			<cmp-field>
				<field-name>PROCESADO</field-name>
			</cmp-field>
			<cmp-field>
				<field-name>PROCESADO_ECL</field-name>
			</cmp-field>
			<ejb-local-ref>
				<ejb-ref-name>BufferSocioDomicilio</ejb-ref-name>
				<ejb-ref-type>Entity</ejb-ref-type>
				<local-home>com.tmk.socio.BufferSocioDomicilioLocalHome</local-home>
				<local>com.tmk.socio.BufferSocioDomicilioLocal</local>
				<ejb-link>ejb/BufferSocioDomicilio</ejb-link>
			</ejb-local-ref>
			<security-identity>
				<use-caller-identity/>
			</security-identity>
			<resource-ref>
				<res-ref-name>jdbc/site</res-ref-name>
				<res-type>javax.sql.DataSource</res-type>
				<res-auth>Container</res-auth>
			</resource-ref>
		</entity>
		<entity>
			<display-name>BufferSocioTelefono</display-name>
			<ejb-name>BufferSocioTelefono</ejb-name>			
			<local-home>com.tmk.socio.BufferSocioTelefonoLocalHome</local-home>
			<local>com.tmk.socio.BufferSocioTelefonoLocal</local>
			<ejb-class>com.tmk.socio.BufferSocioTelefonoBean</ejb-class>
			<persistence-type>Container</persistence-type>
			<prim-key-class>com.tmk.socio.BufferSocioTelefonoPK</prim-key-class>
			<reentrant>True</reentrant>
			<cmp-version>2.x</cmp-version>
			<abstract-schema-name>BUFFER_SOCIOS_TELEFONOS</abstract-schema-name>
			<cmp-field>
				<field-name>ID_SUCURSAL</field-name>
			</cmp-field>
			<cmp-field>
				<field-name>ID_SOCIO</field-name>
			</cmp-field>
			<cmp-field>
				<field-name>TIPO_TELEFONO</field-name>
			</cmp-field>
			<cmp-field>
				<field-name>COD_AREA</field-name>
			</cmp-field>
			<cmp-field>
				<field-name>NRO_TEL</field-name>
			</cmp-field>
			<cmp-field>
				<field-name>EXT_INT</field-name>
			</cmp-field>
			<cmp-field>
				<field-name>COMENTARIOS</field-name>
			</cmp-field>
			<cmp-field>
				<field-name>OPERACION</field-name>
			</cmp-field>
			<cmp-field>
				<field-name>F_ALTA</field-name>
			</cmp-field>
			<cmp-field>
				<field-name>USR_ALTA</field-name>
			</cmp-field>
			<cmp-field>
				<field-name>F_MODI</field-name>
			</cmp-field>
			<cmp-field>
				<field-name>USR_MODI</field-name>
			</cmp-field>
			<cmp-field>
				<field-name>PROCESADO</field-name>
			</cmp-field>
			<ejb-local-ref>
				<ejb-ref-name>BufferSocioTelefono</ejb-ref-name>
				<ejb-ref-type>Entity</ejb-ref-type>
				<local-home>com.tmk.socio.BufferSocioTelefonoLocalHome</local-home>
				<local>com.tmk.socio.BufferSocioTelefonoLocal</local>
				<ejb-link>ejb/BufferSocioTelefono</ejb-link>
			</ejb-local-ref>
			<security-identity>
				<use-caller-identity/>
			</security-identity>
			<resource-ref>
				<res-ref-name>jdbc/site</res-ref-name>
				<res-type>javax.sql.DataSource</res-type>
				<res-auth>Container</res-auth>
			</resource-ref>
		</entity>
	</enterprise-beans>
</ejb-jar>
