<?xml version="1.0" encoding="UTF-8"?>
<!DOCTYPE ejb-jar PUBLIC "-//Sun Microsystems, Inc.//DTD Enterprise JavaBeans 2.0//EN" "http://java.sun.com/dtd/ejb-jar_2_0.dtd">
<ejb-jar>
   <enterprise-beans>
      <entity>
         <display-name>BufferTarjeta</display-name>
         <ejb-name>BufferTarjeta</ejb-name>
         <local-home>com.tmk.fidelizacion.BufferTarjetaLocalHome</local-home>
         <local>com.tmk.fidelizacion.BufferTarjetaLocal</local>
         <ejb-class>com.tmk.fidelizacion.BufferTarjetaBean</ejb-class>
         <persistence-type>Container</persistence-type>
         <prim-key-class>java.lang.String</prim-key-class>
         <reentrant>True</reentrant>
         <cmp-version>2.x</cmp-version>
         <abstract-schema-name>BUFFER_FDN_TARJETAS</abstract-schema-name>
         <cmp-field>
            <field-name>NRO_TARJETA</field-name>
         </cmp-field>
         <cmp-field>
            <field-name>ESTADO</field-name>
         </cmp-field>
         <cmp-field>
            <field-name>ESTADO_FECHA</field-name>
         </cmp-field>
         <cmp-field>
            <field-name>ESTADO_USR</field-name>
         </cmp-field>
         <cmp-field>
            <field-name>FECHA_TRANSMISION</field-name>
         </cmp-field>
         <cmp-field>
            <field-name>USR_ALTA</field-name>
         </cmp-field>
         <cmp-field>
            <field-name>F_ALTA</field-name>
         </cmp-field>
         <cmp-field>
            <field-name>USR_MODI</field-name>
         </cmp-field>
         <cmp-field>
            <field-name>F_MODI</field-name>
         </cmp-field>
         <primkey-field>NRO_TARJETA</primkey-field>
         <ejb-ref>
            <ejb-ref-name>BufferTarjeta</ejb-ref-name>
            <ejb-ref-type>Entity</ejb-ref-type>
            <home />
            <remote />
            <ejb-link>ejb/BufferTarjetaHome</ejb-link>
         </ejb-ref>
         <security-identity>
            <use-caller-identity />
         </security-identity>
      </entity>
      <entity>
         <display-name>BufferCuenta</display-name>
         <ejb-name>BufferCuenta</ejb-name>
         <local-home>com.tmk.fidelizacion.BufferCuentaLocalHome</local-home>
         <local>com.tmk.fidelizacion.BufferCuentaLocal</local>
         <ejb-class>com.tmk.fidelizacion.BufferCuentaBean</ejb-class>
         <persistence-type>Container</persistence-type>
         <prim-key-class>com.tmk.fidelizacion.BufferCuentaPK</prim-key-class>
         <reentrant>True</reentrant>
         <cmp-version>2.x</cmp-version>
         <abstract-schema-name>BUFFER_FDN_CUENTAS</abstract-schema-name>
         <cmp-field>
            <field-name>ID_CUENTA</field-name>
         </cmp-field>
         <cmp-field>
            <field-name>ID_SUCURSAL</field-name>
         </cmp-field>
         <cmp-field>
            <field-name>FECHA_APERTURA</field-name>
         </cmp-field>
         <cmp-field>
            <field-name>ESTADO</field-name>
         </cmp-field>
         <cmp-field>
            <field-name>ESTADO_FECHA</field-name>
         </cmp-field>
         <cmp-field>
            <field-name>ESTADO_USR</field-name>
         </cmp-field>
         <cmp-field>
            <field-name>FECHA_TRANSMISION</field-name>
         </cmp-field>
         <cmp-field>
            <field-name>USR_ALTA</field-name>
         </cmp-field>
         <cmp-field>
            <field-name>F_ALTA</field-name>
         </cmp-field>
         <cmp-field>
            <field-name>USR_MODI</field-name>
         </cmp-field>
         <cmp-field>
            <field-name>F_MODI</field-name>
         </cmp-field>
         <ejb-ref>
            <ejb-ref-name>BufferCuenta</ejb-ref-name>
            <ejb-ref-type>Entity</ejb-ref-type>
            <home />
            <remote />
            <ejb-link>ejb/BufferCuenta</ejb-link>
         </ejb-ref>
         <security-identity>
            <use-caller-identity />
         </security-identity>
      </entity>
      <entity>
         <display-name>BufferFormulario</display-name>
         <ejb-name>BufferFormulario</ejb-name>
         <local-home>com.tmk.fidelizacion.BufferFormularioLocalHome</local-home>
         <local>com.tmk.fidelizacion.BufferFormularioLocal</local>
         <ejb-class>com.tmk.fidelizacion.BufferFormularioBean</ejb-class>
         <persistence-type>Container</persistence-type>
         <prim-key-class>java.lang.String</prim-key-class>
         <reentrant>True</reentrant>
         <cmp-version>2.x</cmp-version>
         <abstract-schema-name>BUFFER_FDN_FORMULARIOS</abstract-schema-name>
         <cmp-field>
            <field-name>NRO_FORMULARIO</field-name>
         </cmp-field>
         <cmp-field>
            <field-name>FECHA</field-name>
         </cmp-field>
         <cmp-field>
            <field-name>DATOS_ADICIONALES</field-name>
         </cmp-field>
         <cmp-field>
            <field-name>USR_ALTA</field-name>
         </cmp-field>
         <cmp-field>
            <field-name>F_ALTA</field-name>
         </cmp-field>
         <cmp-field>
            <field-name>USR_MODI</field-name>
         </cmp-field>
         <cmp-field>
            <field-name>F_MODI</field-name>
         </cmp-field>
         <cmp-field>
            <field-name>FECHA_TRANSMISION</field-name>
         </cmp-field>
         <cmp-field>
            <field-name>DPER_CODIGO</field-name>
         </cmp-field>
         <primkey-field>NRO_FORMULARIO</primkey-field>
         <ejb-ref>
            <ejb-ref-name>BufferFormulario</ejb-ref-name>
            <ejb-ref-type>Entity</ejb-ref-type>
            <home />
            <remote />
            <ejb-link>ejb/BufferFormulario</ejb-link>
         </ejb-ref>
         <security-identity>
            <use-caller-identity />
         </security-identity>
      </entity>
      <entity>
         <display-name>BufferCuentasPorSocio</display-name>
         <ejb-name>BufferCuentasPorSocio</ejb-name>
         <local-home>com.tmk.fidelizacion.BufferCuentasPorSocioLocalHome</local-home>
         <local>com.tmk.fidelizacion.BufferCuentasPorSocioLocal</local>
         <ejb-class>com.tmk.fidelizacion.BufferCuentasPorSocioBean</ejb-class>
         <persistence-type>Container</persistence-type>
         <prim-key-class>com.tmk.fidelizacion.BufferCuentasPorSocioPK</prim-key-class>
         <reentrant>True</reentrant>
         <cmp-version>2.x</cmp-version>
         <abstract-schema-name>BUFFER_FDN_CUENTAS_X_SOCIOS</abstract-schema-name>
         <cmp-field>
            <field-name>ID_CUENTA</field-name>
         </cmp-field>
         <cmp-field>
            <field-name>ID_SUCURSAL</field-name>
         </cmp-field>
         <cmp-field>
            <field-name>ID_CUSO</field-name>
         </cmp-field>
         <cmp-field>
            <field-name>ID_SOCIO</field-name>
         </cmp-field>
         <cmp-field>
            <field-name>ID_SUCURSAL_SOCIO</field-name>
         </cmp-field>
         <cmp-field>
            <field-name>DPER_CODIGO</field-name>
         </cmp-field>
         <cmp-field>
            <field-name>COMPONENTE</field-name>
         </cmp-field>
         <cmp-field>
            <field-name>FECHA_TRANSMISION</field-name>
         </cmp-field>
         <cmp-field>
            <field-name>CANJE_HABILITADO</field-name>
         </cmp-field>
         <cmp-field>
            <field-name>USR_ALTA</field-name>
         </cmp-field>
         <cmp-field>
            <field-name>F_ALTA</field-name>
         </cmp-field>
         <cmp-field>
            <field-name>USR_MODI</field-name>
         </cmp-field>
         <cmp-field>
            <field-name>F_MODI</field-name>
         </cmp-field>
         <ejb-ref>
            <ejb-ref-name>BufferCuentasPorSocio</ejb-ref-name>
            <ejb-ref-type>Entity</ejb-ref-type>
            <home />
            <remote />
            <ejb-link>ejb/BufferCuentasPorSocio</ejb-link>
         </ejb-ref>
         <security-identity>
            <use-caller-identity />
         </security-identity>
      </entity>
      <entity>
         <display-name>BufferTarjetasPorCuenta</display-name>
         <ejb-name>BufferTarjetasPorCuenta</ejb-name>
         <local-home>com.tmk.fidelizacion.BufferTarjetasPorCuentaLocalHome</local-home>
         <local>com.tmk.fidelizacion.BufferTarjetasPorCuentaLocal</local>
         <ejb-class>com.tmk.fidelizacion.BufferTarjetasPorCuentaBean</ejb-class>
         <persistence-type>Container</persistence-type>
         <prim-key-class>java.lang.String</prim-key-class>
         <reentrant>True</reentrant>
         <cmp-version>2.x</cmp-version>
         <abstract-schema-name>BUFFER_FDN_TARJETAS_X_CUENTAS</abstract-schema-name>
         <cmp-field>
            <field-name>NRO_TARJETA</field-name>
         </cmp-field>
         <cmp-field>
            <field-name>ID_CUENTA</field-name>
         </cmp-field>
         <cmp-field>
            <field-name>ID_SUCURSAL_CUENTA</field-name>
         </cmp-field>
         <cmp-field>
            <field-name>ID_CUSO</field-name>
         </cmp-field>
         <cmp-field>
            <field-name>FECHA_TRANSMISION</field-name>
         </cmp-field>
         <cmp-field>
            <field-name>USR_ALTA</field-name>
         </cmp-field>
         <cmp-field>
            <field-name>F_ALTA</field-name>
         </cmp-field>
         <cmp-field>
            <field-name>USR_MODI</field-name>
         </cmp-field>
         <cmp-field>
            <field-name>F_MODI</field-name>
         </cmp-field>
         <cmp-field>
            <field-name>NRO_FORMULARIO</field-name>
         </cmp-field>
         <primkey-field>NRO_TARJETA</primkey-field>
         <ejb-ref>
            <ejb-ref-name>BufferTarjetasPorCuenta</ejb-ref-name>
            <ejb-ref-type>Entity</ejb-ref-type>
            <home />
            <remote />
            <ejb-link>ejb/BufferTarjetasPorCuenta</ejb-link>
         </ejb-ref>
         <security-identity>
            <use-caller-identity />
         </security-identity>
      </entity>
      <entity>
         <display-name>CtaCtaPuntos</display-name>
         <ejb-name>CtaCtaPuntos</ejb-name>
         <local-home>com.tmk.fidelizacion.CtaCtaPuntosLocalHome</local-home>
         <local>com.tmk.fidelizacion.CtaCtaPuntosLocal</local>
         <ejb-class>com.tmk.fidelizacion.CtaCtaPuntosBean</ejb-class>
         <persistence-type>Container</persistence-type>
         <prim-key-class>com.tmk.fidelizacion.CtaCtaPuntosPK</prim-key-class>
         <reentrant>True</reentrant>
         <cmp-version>2.x</cmp-version>
         <abstract-schema-name>FDN_CTA_CTE_PUNTOS</abstract-schema-name>
         <cmp-field>
            <field-name>ID_SUCURSAL</field-name>
         </cmp-field>
         <cmp-field>
            <field-name>ID_CCPT</field-name>
         </cmp-field>
         <cmp-field>
            <field-name>CECO_NIV_01</field-name>
         </cmp-field>
         <cmp-field>
            <field-name>CECO_NIV_02</field-name>
         </cmp-field>
         <cmp-field>
            <field-name>CECO_NIV_03</field-name>
         </cmp-field>
         <cmp-field>
            <field-name>CECO_NIV_04</field-name>
         </cmp-field>
         <cmp-field>
            <field-name>CECO_NIV_05</field-name>
         </cmp-field>
         <cmp-field>
            <field-name>MSEC_NIV_01</field-name>
         </cmp-field>
         <cmp-field>
            <field-name>MSEC_NIV_02</field-name>
         </cmp-field>
         <cmp-field>
            <field-name>MSEC_NIV_03</field-name>
         </cmp-field>
         <cmp-field>
            <field-name>MSEC_NIV_04</field-name>
         </cmp-field>
         <cmp-field>
            <field-name>MSEC_NIV_05</field-name>
         </cmp-field>
         <cmp-field>
            <field-name>ID_SOCIO</field-name>
         </cmp-field>
         <cmp-field>
            <field-name>ID_SUCURSAL_SOCIO</field-name>
         </cmp-field>
         <cmp-field>
            <field-name>ID_CUENTA</field-name>
         </cmp-field>
         <cmp-field>
            <field-name>ID_SUCURSAL_CUENTA</field-name>
         </cmp-field>
         <cmp-field>
            <field-name>NRO_TARJETA</field-name>
         </cmp-field>
         <cmp-field>
            <field-name>ID_CONCEPTO</field-name>
         </cmp-field>
         <cmp-field>
            <field-name>ID_REGLA</field-name>
         </cmp-field>
         <cmp-field>
            <field-name>ID_MOVIMIENTO</field-name>
         </cmp-field>
         <cmp-field>
            <field-name>ID_SUCURSAL_MOVIMIENTO</field-name>
         </cmp-field>
         <cmp-field>
            <field-name>ITEM</field-name>
         </cmp-field>
         <cmp-field>
            <field-name>PUNTOS</field-name>
         </cmp-field>
         <cmp-field>
            <field-name>IMPORTE_ADICIONAL</field-name>
         </cmp-field>
         <cmp-field>
            <field-name>FECHA_TRANSMISION</field-name>
         </cmp-field>
         <cmp-field>
            <field-name>ID_CUENTA_RELA</field-name>
         </cmp-field>
         <cmp-field>
            <field-name>ID_SUCURSAL_CUENTA_RELA</field-name>
         </cmp-field>
         <cmp-field>
            <field-name>USR_ALTA</field-name>
         </cmp-field>
         <cmp-field>
            <field-name>F_ALTA</field-name>
         </cmp-field>
         <cmp-field>
            <field-name>USR_MODI</field-name>
         </cmp-field>
         <cmp-field>
            <field-name>F_MODI</field-name>
         </cmp-field>
         <cmp-field>
            <field-name>FECHA</field-name>
         </cmp-field>
         <cmp-field>
            <field-name>SALDO_X_APLICAR</field-name>
         </cmp-field>
         <cmp-field>
            <field-name>SIGNO_SALDO</field-name>
         </cmp-field>
         <ejb-ref>
            <ejb-ref-name>CtaCtaPuntos</ejb-ref-name>
            <ejb-ref-type>Entity</ejb-ref-type>
            <home />
            <remote />
            <ejb-link>ejb/CtaCtaPuntos</ejb-link>
         </ejb-ref>
         <security-identity>
            <use-caller-identity />
         </security-identity>
      </entity>
      <entity>
         <display-name>PuntosPorSucursal</display-name>
         <ejb-name>PuntosPorSucursal</ejb-name>
         <local-home>com.tmk.fidelizacion.PuntosPorSucursalLocalHome</local-home>
         <local>com.tmk.fidelizacion.PuntosPorSucursalLocal</local>
         <ejb-class>com.tmk.fidelizacion.PuntosPorSucursalBean</ejb-class>
         <persistence-type>Container</persistence-type>
         <prim-key-class>com.tmk.fidelizacion.PuntosPorSucursalPK</prim-key-class>
         <reentrant>True</reentrant>
         <cmp-version>2.x</cmp-version>
         <abstract-schema-name>FDN_PUNTOS_X_SUCURSAL</abstract-schema-name>
         <cmp-field>
            <field-name>ID_CUENTA</field-name>
         </cmp-field>
         <cmp-field>
            <field-name>ID_SUCURSAL</field-name>
         </cmp-field>
         <cmp-field>
            <field-name>MES</field-name>
         </cmp-field>
         <cmp-field>
            <field-name>PUNTOS</field-name>
         </cmp-field>
         <cmp-field>
            <field-name>FECHA_MODIFICACION</field-name>
         </cmp-field>
         <cmp-field>
            <field-name>USR_ALTA</field-name>
         </cmp-field>
         <cmp-field>
            <field-name>F_ALTA</field-name>
         </cmp-field>
         <cmp-field>
            <field-name>USR_MODI</field-name>
         </cmp-field>
         <cmp-field>
            <field-name>F_MODI</field-name>
         </cmp-field>
         <cmp-field>
            <field-name>SALDO_X_APLICAR</field-name>
         </cmp-field>
         <cmp-field>
            <field-name>SIGNO_SALDO</field-name>
         </cmp-field>
         <cmp-field>
            <field-name>ID_SUCURSAL_CUENTA</field-name>
         </cmp-field>
         <ejb-ref>
            <ejb-ref-name>PuntosPorSucursal</ejb-ref-name>
            <ejb-ref-type>Entity</ejb-ref-type>
            <home />
            <remote />
            <ejb-link>ejb/PuntosPorSucursal</ejb-link>
         </ejb-ref>
         <security-identity>
            <use-caller-identity />
         </security-identity>
      </entity>
      <entity>
         <display-name>SocioRefCodes</display-name>
         <ejb-name>SocioRefCodes</ejb-name>
         <local-home>com.tmk.fidelizacion.SocioRefCodesLocalHome</local-home>
         <local>com.tmk.fidelizacion.SocioRefCodesLocal</local>
         <ejb-class>com.tmk.fidelizacion.SocioRefCodesBean</ejb-class>
         <persistence-type>Container</persistence-type>
         <prim-key-class>com.tmk.fidelizacion.SocioRefCodesPK</prim-key-class>
         <reentrant>True</reentrant>
         <cmp-version>2.x</cmp-version>
         <abstract-schema-name>SOCIOS_REF_CODES</abstract-schema-name>
         <cmp-field>
            <field-name>ID_SOCIO</field-name>
         </cmp-field>
         <cmp-field>
            <field-name>ID_SUCURSAL</field-name>
         </cmp-field>
         <cmp-field>
            <field-name>DOMAIN</field-name>
         </cmp-field>
         <cmp-field>
            <field-name>LOW_VALUE</field-name>
         </cmp-field>
         <cmp-field>
            <field-name>USR_ALTA</field-name>
         </cmp-field>
         <cmp-field>
            <field-name>F_ALTA</field-name>
         </cmp-field>
         <cmp-field>
            <field-name>USR_MODI</field-name>
         </cmp-field>
         <cmp-field>
            <field-name>F_MODI</field-name>
         </cmp-field>
         <cmp-field>
            <field-name>CARACTER</field-name>
         </cmp-field>
         <cmp-field>
            <field-name>NUMERO</field-name>
         </cmp-field>
         <cmp-field>
            <field-name>FECHA</field-name>
         </cmp-field>
         <ejb-ref>
            <ejb-ref-name>SocioRefCodes</ejb-ref-name>
            <ejb-ref-type>Entity</ejb-ref-type>
            <home />
            <remote />
            <ejb-link>ejb/SocioRefCodes</ejb-link>
         </ejb-ref>
         <security-identity>
            <use-caller-identity />
         </security-identity>
      </entity>
      <entity>
         <display-name>SocioVehiculo</display-name>
         <ejb-name>SocioVehiculo</ejb-name>
         <local-home>com.tmk.fidelizacion.SocioVehiculoLocalHome</local-home>
         <local>com.tmk.fidelizacion.SocioVehiculoLocal</local>
         <ejb-class>com.tmk.fidelizacion.SocioVehiculoBean</ejb-class>
         <persistence-type>Container</persistence-type>
         <prim-key-class>com.tmk.fidelizacion.SocioVehiculo</prim-key-class>
         <reentrant>True</reentrant>
         <cmp-version>2.x</cmp-version>
         <abstract-schema-name>SOCIOS_VEHICULOS</abstract-schema-name>
         <cmp-field>
            <field-name>ID_SOCIO</field-name>
         </cmp-field>
         <cmp-field>
            <field-name>ID_SUCURSAL</field-name>
         </cmp-field>
         <cmp-field>
            <field-name>ID_SOVH</field-name>
         </cmp-field>
         <cmp-field>
            <field-name>ID_MARCA</field-name>
         </cmp-field>
         <cmp-field>
            <field-name>ID_MODELO</field-name>
         </cmp-field>
         <cmp-field>
            <field-name>ANIO_MODELO</field-name>
         </cmp-field>
         <cmp-field>
            <field-name>USR_ALTA</field-name>
         </cmp-field>
         <cmp-field>
            <field-name>F_ALTA</field-name>
         </cmp-field>
         <cmp-field>
            <field-name>USR_MODI</field-name>
         </cmp-field>
         <cmp-field>
            <field-name>F_MODI</field-name>
         </cmp-field>
         <ejb-ref>
            <ejb-ref-name>SocioVehiculo</ejb-ref-name>
            <ejb-ref-type>Entity</ejb-ref-type>
            <home />
            <remote />
            <ejb-link>ejb/SocioVehiculo</ejb-link>
         </ejb-ref>
         <security-identity>
            <use-caller-identity />
         </security-identity>
      </entity>
      <entity>
         <display-name>SocioTarjetas</display-name>
         <ejb-name>SocioTarjetas</ejb-name>
         <local-home>com.tmk.fidelizacion.SocioTarjetasLocalHome</local-home>
         <local>com.tmk.fidelizacion.SocioTarjetasLocal</local>
         <ejb-class>com.tmk.fidelizacion.SocioTarjetasBean</ejb-class>
         <persistence-type>Container</persistence-type>
         <prim-key-class>com.tmk.fidelizacion.SocioTarjetasPK</prim-key-class>
         <reentrant>True</reentrant>
         <cmp-version>2.x</cmp-version>
         <abstract-schema-name>SOCIOS_TARJETAS</abstract-schema-name>
         <cmp-field>
            <field-name>USR_ALTA</field-name>
         </cmp-field>
         <cmp-field>
            <field-name>F_ALTA</field-name>
         </cmp-field>
         <cmp-field>
            <field-name>USR_MODI</field-name>
         </cmp-field>
         <cmp-field>
            <field-name>F_MODI</field-name>
         </cmp-field>
         <cmp-field>
            <field-name>ID_USR_ALTA</field-name>
         </cmp-field>
         <cmp-field>
            <field-name>ID_USR_MODI</field-name>
         </cmp-field>
         <cmp-field>
            <field-name>ID_MEDIO_COBRO</field-name>
         </cmp-field>
         <cmp-field>
            <field-name>ID_SUCURSAL</field-name>
         </cmp-field>
         <cmp-field>
            <field-name>ID_SOCIO</field-name>
         </cmp-field>
         <ejb-ref>
            <ejb-ref-name>SocioTarjetas</ejb-ref-name>
            <ejb-ref-type>Entity</ejb-ref-type>
            <home />
            <remote />
            <ejb-link>ejb/SocioTarjetas</ejb-link>
         </ejb-ref>
         <security-identity>
            <use-caller-identity />
         </security-identity>
      </entity>
      <entity>
         <display-name>OrdenPorCuenta</display-name>
         <ejb-name>OrdenPorCuenta</ejb-name>
         <home>com.tmk.fidelizacion.OrdenPorCuentaHome</home>
         <remote>com.tmk.fidelizacion.OrdenPorCuenta</remote>
         <local-home>com.tmk.fidelizacion.OrdenPorCuentaLocalHome</local-home>
         <local>com.tmk.fidelizacion.OrdenPorCuentaLocal</local>
         <ejb-class>com.tmk.fidelizacion.OrdenPorCuentaBean</ejb-class>
         <persistence-type>Container</persistence-type>
         <prim-key-class>java.lang.Integer</prim-key-class>
         <reentrant>True</reentrant>
         <cmp-version>2.x</cmp-version>
         <abstract-schema-name>ORDEN_X_CUENTA</abstract-schema-name>
         <ejb-ref>
            <ejb-ref-name>OrdenPorCuenta</ejb-ref-name>
            <ejb-ref-type>Entity</ejb-ref-type>
            <home>OrdenPorCuentaHome</home>
            <remote>OrdenPorCuenta</remote>
            <ejb-link>ejb/OrdenPorCuenta</ejb-link>
         </ejb-ref>
         <security-identity>
            <use-caller-identity />
         </security-identity>
      </entity>
   </enterprise-beans>
</ejb-jar>

