<?xml version="1.0" encoding="UTF-8"?>
<!DOCTYPE jrun-ejb-jar PUBLIC "-//Macromedia, Inc.//DTD jrun-ejb 4.0//EN" "http://jrun.macromedia.com/dtds/jrun-ejb-jar.dtd">
<jrun-ejb-jar>
   <source>jdbc/site</source>
   <enterprise-beans>
      <entity>
         <ejb-name>BufferTarjeta</ejb-name>
         <jndi-name>BufferTarjeta</jndi-name>
         <commit-option>B</commit-option>
         <jdbc-mappings />
      </entity>
      <entity>
         <ejb-name>BufferCuenta</ejb-name>
         <jndi-name>BufferCuenta</jndi-name>
         <commit-option>B</commit-option>
         <jdbc-mappings />
      </entity>
      <entity>
         <ejb-name>BufferFormulario</ejb-name>
         <jndi-name>BufferFormulario</jndi-name>
         <commit-option>B</commit-option>
         <jdbc-mappings />
      </entity>
      <entity>
         <ejb-name>BufferCuentasPorSocio</ejb-name>
         <jndi-name>BufferCuentasPorSocio</jndi-name>
         <commit-option>B</commit-option>
         <jdbc-mappings />
      </entity>
      <entity>
         <ejb-name>BufferTarjetasPorCuenta</ejb-name>
         <jndi-name>BufferTarjetasPorCuenta</jndi-name>
         <commit-option>B</commit-option>
         <jdbc-mappings />
      </entity>
      <entity>
         <ejb-name>CtaCtaPuntos</ejb-name>
         <jndi-name>CtaCtaPuntos</jndi-name>
         <commit-option>B</commit-option>
         <jdbc-mappings />
      </entity>
      <entity>
         <ejb-name>PuntosPorSucursal</ejb-name>
         <jndi-name>PuntosPorSucursal</jndi-name>
         <commit-option>B</commit-option>
         <jdbc-mappings />
      </entity>
      <entity>
         <ejb-name>SocioRefCodes</ejb-name>
         <jndi-name>SocioRefCodes</jndi-name>
         <commit-option>A</commit-option>
         <jdbc-mappings />
      </entity>
      <entity>
         <ejb-name>SocioVehiculo</ejb-name>
         <jndi-name>SocioVehiculo</jndi-name>
         <commit-option>A</commit-option>
         <jdbc-mappings />
      </entity>
      <entity>
         <ejb-name>SocioTarjetas</ejb-name>
         <jndi-name>SocioTarjetas</jndi-name>
         <commit-option>A</commit-option>
         <jdbc-mappings />
      </entity>
      <entity>
         <ejb-name>OrdenPorCuenta</ejb-name>
         <jndi-name>OrdenPorCuenta</jndi-name>
         <commit-option>B</commit-option>
         <jdbc-mappings />
      </entity>
   </enterprise-beans>
</jrun-ejb-jar>

