<?xml version="1.0" encoding="UTF-8"?>
<!DOCTYPE jrun-ejb-tool PUBLIC "-//Macromedia, Inc.//DTD jrun-ejb-tool 4.0//EN" "http://jrun.macromedia.com/dtds/jrun-ejb-tool.dtd">
<jrun-ejb-tool>
   <cmpdb-mappings>
      <cmpdb-mapping>
         <ejb-name>BufferTarjeta</ejb-name>
         <db-info>tematika:site:jdbc/site:BUFFER_FDN_TARJETAS</db-info>
         <cmp-dbcolumn-info>NRO_TARJETA:String:NRO_TARJETA:VARCHAR:true:true:true</cmp-dbcolumn-info>
         <cmp-dbcolumn-info>ESTADO:String:ESTADO:VARCHAR:false:true:true</cmp-dbcolumn-info>
         <cmp-dbcolumn-info>ESTADO_FECHA:java.sql.Timestamp:ESTADO_FECHA:TIMESTAMP:false:true:true</cmp-dbcolumn-info>
         <cmp-dbcolumn-info>ESTADO_USR:String:ESTADO_USR:VARCHAR:false:true:true</cmp-dbcolumn-info>
         <cmp-dbcolumn-info>FECHA_TRANSMISION:java.sql.Timestamp:FECHA_TRANSMISION:TIMESTAMP:false:true:true</cmp-dbcolumn-info>
         <cmp-dbcolumn-info>USR_ALTA:String:USR_ALTA:VARCHAR:false:true:true</cmp-dbcolumn-info>
         <cmp-dbcolumn-info>F_ALTA:java.sql.Timestamp:F_ALTA:TIMESTAMP:false:true:true</cmp-dbcolumn-info>
         <cmp-dbcolumn-info>USR_MODI:String:USR_MODI:VARCHAR:false:true:true</cmp-dbcolumn-info>
         <cmp-dbcolumn-info>F_MODI:java.sql.Timestamp:F_MODI:TIMESTAMP:false:true:true</cmp-dbcolumn-info>
      </cmpdb-mapping>
      <cmpdb-mapping>
         <ejb-name>BufferCuenta</ejb-name>
         <db-info>tematika:site:jdbc/site:BUFFER_FDN_CUENTAS</db-info>
         <cmp-dbcolumn-info>ID_CUENTA:Integer:ID_CUENTA:DECIMAL:true:true:true</cmp-dbcolumn-info>
         <cmp-dbcolumn-info>ID_SUCURSAL:Integer:ID_SUCURSAL:DECIMAL:true:true:true</cmp-dbcolumn-info>
         <cmp-dbcolumn-info>FECHA_APERTURA:java.sql.Timestamp:FECHA_APERTURA:TIMESTAMP:false:true:true</cmp-dbcolumn-info>
         <cmp-dbcolumn-info>ESTADO:String:ESTADO:VARCHAR:false:true:true</cmp-dbcolumn-info>
         <cmp-dbcolumn-info>ESTADO_FECHA:java.sql.Timestamp:ESTADO_FECHA:TIMESTAMP:false:true:true</cmp-dbcolumn-info>
         <cmp-dbcolumn-info>ESTADO_USR:String:ESTADO_USR:VARCHAR:false:true:true</cmp-dbcolumn-info>
         <cmp-dbcolumn-info>FECHA_TRANSMISION:java.sql.Timestamp:FECHA_TRANSMISION:TIMESTAMP:false:true:true</cmp-dbcolumn-info>
         <cmp-dbcolumn-info>USR_ALTA:String:USR_ALTA:VARCHAR:false:true:true</cmp-dbcolumn-info>
         <cmp-dbcolumn-info>F_ALTA:java.sql.Timestamp:F_ALTA:TIMESTAMP:false:true:true</cmp-dbcolumn-info>
         <cmp-dbcolumn-info>USR_MODI:String:USR_MODI:VARCHAR:false:true:true</cmp-dbcolumn-info>
         <cmp-dbcolumn-info>F_MODI:java.sql.Timestamp:F_MODI:TIMESTAMP:false:true:true</cmp-dbcolumn-info>
      </cmpdb-mapping>
      <cmpdb-mapping>
         <ejb-name>BufferFormulario</ejb-name>
         <db-info>tematika:site:jdbc/site:BUFFER_FDN_FORMULARIOS</db-info>
         <cmp-dbcolumn-info>NRO_FORMULARIO:String:NRO_FORMULARIO:VARCHAR:true:true:true</cmp-dbcolumn-info>
         <cmp-dbcolumn-info>FECHA:java.sql.Timestamp:FECHA:TIMESTAMP:false:true:true</cmp-dbcolumn-info>
         <cmp-dbcolumn-info>DATOS_ADICIONALES:String:DATOS_ADICIONALES:VARCHAR:false:true:true</cmp-dbcolumn-info>
         <cmp-dbcolumn-info>USR_ALTA:String:USR_ALTA:VARCHAR:false:true:true</cmp-dbcolumn-info>
         <cmp-dbcolumn-info>F_ALTA:java.sql.Timestamp:F_ALTA:TIMESTAMP:false:true:true</cmp-dbcolumn-info>
         <cmp-dbcolumn-info>USR_MODI:String:USR_MODI:VARCHAR:false:true:true</cmp-dbcolumn-info>
         <cmp-dbcolumn-info>F_MODI:java.sql.Timestamp:F_MODI:TIMESTAMP:false:true:true</cmp-dbcolumn-info>
         <cmp-dbcolumn-info>FECHA_TRANSMISION:java.sql.Timestamp:FECHA_TRANSMISION:TIMESTAMP:false:true:true</cmp-dbcolumn-info>
         <cmp-dbcolumn-info>DPER_CODIGO:Integer:DPER_CODIGO:DECIMAL:false:true:true</cmp-dbcolumn-info>
      </cmpdb-mapping>
      <cmpdb-mapping>
         <ejb-name>BufferCuentasPorSocio</ejb-name>
         <db-info>tematika:site:jdbc/site:BUFFER_FDN_CUENTAS_X_SOCIOS</db-info>
         <cmp-dbcolumn-info>ID_CUENTA:Integer:ID_CUENTA:DECIMAL:true:true:true</cmp-dbcolumn-info>
         <cmp-dbcolumn-info>ID_SUCURSAL:Integer:ID_SUCURSAL:DECIMAL:true:true:true</cmp-dbcolumn-info>
         <cmp-dbcolumn-info>ID_CUSO:Integer:ID_CUSO:DECIMAL:true:true:true</cmp-dbcolumn-info>
         <cmp-dbcolumn-info>ID_SOCIO:Integer:ID_SOCIO:DECIMAL:false:true:true</cmp-dbcolumn-info>
         <cmp-dbcolumn-info>ID_SUCURSAL_SOCIO:Integer:ID_SUCURSAL_SOCIO:DECIMAL:false:true:true</cmp-dbcolumn-info>
         <cmp-dbcolumn-info>DPER_CODIGO:Integer:DPER_CODIGO:DECIMAL:false:true:true</cmp-dbcolumn-info>
         <cmp-dbcolumn-info>COMPONENTE:Integer:COMPONENTE:DECIMAL:false:true:true</cmp-dbcolumn-info>
         <cmp-dbcolumn-info>FECHA_TRANSMISION:java.sql.Timestamp:FECHA_TRANSMISION:TIMESTAMP:false:true:true</cmp-dbcolumn-info>
         <cmp-dbcolumn-info>CANJE_HABILITADO:String:CANJE_HABILITADO:VARCHAR:false:true:true</cmp-dbcolumn-info>
         <cmp-dbcolumn-info>USR_ALTA:String:USR_ALTA:VARCHAR:false:true:true</cmp-dbcolumn-info>
         <cmp-dbcolumn-info>F_ALTA:java.sql.Timestamp:F_ALTA:TIMESTAMP:false:true:true</cmp-dbcolumn-info>
         <cmp-dbcolumn-info>USR_MODI:String:USR_MODI:VARCHAR:false:true:true</cmp-dbcolumn-info>
         <cmp-dbcolumn-info>F_MODI:java.sql.Timestamp:F_MODI:TIMESTAMP:false:true:true</cmp-dbcolumn-info>
      </cmpdb-mapping>
      <cmpdb-mapping>
         <ejb-name>BufferTarjetasPorCuenta</ejb-name>
         <db-info>tematika:site:jdbc/site:BUFFER_FDN_TARJETAS_X_CUENTAS</db-info>
         <cmp-dbcolumn-info>NRO_TARJETA:String:NRO_TARJETA:VARCHAR:true:true:true</cmp-dbcolumn-info>
         <cmp-dbcolumn-info>ID_CUENTA:Integer:ID_CUENTA:DECIMAL:false:true:true</cmp-dbcolumn-info>
         <cmp-dbcolumn-info>ID_SUCURSAL_CUENTA:Integer:ID_SUCURSAL_CUENTA:DECIMAL:false:true:true</cmp-dbcolumn-info>
         <cmp-dbcolumn-info>ID_CUSO:Integer:ID_CUSO:DECIMAL:false:true:true</cmp-dbcolumn-info>
         <cmp-dbcolumn-info>FECHA_TRANSMISION:java.sql.Timestamp:FECHA_TRANSMISION:TIMESTAMP:false:true:true</cmp-dbcolumn-info>
         <cmp-dbcolumn-info>USR_ALTA:String:USR_ALTA:VARCHAR:false:true:true</cmp-dbcolumn-info>
         <cmp-dbcolumn-info>F_ALTA:java.sql.Timestamp:F_ALTA:TIMESTAMP:false:true:true</cmp-dbcolumn-info>
         <cmp-dbcolumn-info>USR_MODI:String:USR_MODI:VARCHAR:false:true:true</cmp-dbcolumn-info>
         <cmp-dbcolumn-info>F_MODI:java.sql.Timestamp:F_MODI:TIMESTAMP:false:true:true</cmp-dbcolumn-info>
         <cmp-dbcolumn-info>NRO_FORMULARIO:String:NRO_FORMULARIO:VARCHAR:false:true:true</cmp-dbcolumn-info>
      </cmpdb-mapping>
      <cmpdb-mapping>
         <ejb-name>CtaCtaPuntos</ejb-name>
         <db-info>tematika:site:jdbc/site:FDN_CTA_CTE_PUNTOS</db-info>
         <cmp-dbcolumn-info>ID_SUCURSAL:Integer:ID_SUCURSAL:DECIMAL:true:true:true</cmp-dbcolumn-info>
         <cmp-dbcolumn-info>ID_CCPT:Integer:ID_CCPT:DECIMAL:true:true:true</cmp-dbcolumn-info>
         <cmp-dbcolumn-info>CECO_NIV_01:String:CECO_NIV_01:VARCHAR:false:true:true</cmp-dbcolumn-info>
         <cmp-dbcolumn-info>CECO_NIV_02:String:CECO_NIV_02:VARCHAR:false:true:true</cmp-dbcolumn-info>
         <cmp-dbcolumn-info>CECO_NIV_03:String:CECO_NIV_03:VARCHAR:false:true:true</cmp-dbcolumn-info>
         <cmp-dbcolumn-info>CECO_NIV_04:String:CECO_NIV_04:VARCHAR:false:true:true</cmp-dbcolumn-info>
         <cmp-dbcolumn-info>CECO_NIV_05:String:CECO_NIV_05:VARCHAR:false:true:true</cmp-dbcolumn-info>
         <cmp-dbcolumn-info>MSEC_NIV_01:String:MSEC_NIV_01:VARCHAR:false:true:true</cmp-dbcolumn-info>
         <cmp-dbcolumn-info>MSEC_NIV_02:String:MSEC_NIV_02:VARCHAR:false:true:true</cmp-dbcolumn-info>
         <cmp-dbcolumn-info>MSEC_NIV_03:String:MSEC_NIV_03:VARCHAR:false:true:true</cmp-dbcolumn-info>
         <cmp-dbcolumn-info>MSEC_NIV_04:String:MSEC_NIV_04:VARCHAR:false:true:true</cmp-dbcolumn-info>
         <cmp-dbcolumn-info>MSEC_NIV_05:String:MSEC_NIV_05:VARCHAR:false:true:true</cmp-dbcolumn-info>
         <cmp-dbcolumn-info>ID_SOCIO:Integer:ID_SOCIO:DECIMAL:false:true:true</cmp-dbcolumn-info>
         <cmp-dbcolumn-info>ID_SUCURSAL_SOCIO:Integer:ID_SUCURSAL_SOCIO:DECIMAL:false:true:true</cmp-dbcolumn-info>
         <cmp-dbcolumn-info>ID_CUENTA:Integer:ID_CUENTA:DECIMAL:false:true:true</cmp-dbcolumn-info>
         <cmp-dbcolumn-info>ID_SUCURSAL_CUENTA:Integer:ID_SUCURSAL_CUENTA:DECIMAL:false:true:true</cmp-dbcolumn-info>
         <cmp-dbcolumn-info>NRO_TARJETA:String:NRO_TARJETA:VARCHAR:false:true:true</cmp-dbcolumn-info>
         <cmp-dbcolumn-info>ID_CONCEPTO:Integer:ID_CONCEPTO:DECIMAL:false:true:true</cmp-dbcolumn-info>
         <cmp-dbcolumn-info>ID_REGLA:Integer:ID_REGLA:DECIMAL:false:true:true</cmp-dbcolumn-info>
         <cmp-dbcolumn-info>ID_MOVIMIENTO:Integer:ID_MOVIMIENTO:DECIMAL:false:true:true</cmp-dbcolumn-info>
         <cmp-dbcolumn-info>ID_SUCURSAL_MOVIMIENTO:Integer:ID_SUCURSAL_MOVIMIENTO:DECIMAL:false:true:true</cmp-dbcolumn-info>
         <cmp-dbcolumn-info>ITEM:Integer:ITEM:DECIMAL:false:true:true</cmp-dbcolumn-info>
         <cmp-dbcolumn-info>PUNTOS:Integer:PUNTOS:DECIMAL:false:true:true</cmp-dbcolumn-info>
         <cmp-dbcolumn-info>IMPORTE_ADICIONAL:Double:IMPORTE_ADICIONAL:DECIMAL:false:true:true</cmp-dbcolumn-info>
         <cmp-dbcolumn-info>FECHA_TRANSMISION:java.sql.Timestamp:FECHA_TRANSMISION:TIMESTAMP:false:true:true</cmp-dbcolumn-info>
         <cmp-dbcolumn-info>ID_CUENTA_RELA:Integer:ID_CUENTA_RELA:DECIMAL:false:true:true</cmp-dbcolumn-info>
         <cmp-dbcolumn-info>ID_SUCURSAL_CUENTA_RELA:Integer:ID_SUCURSAL_CUENTA_RELA:DECIMAL:false:true:true</cmp-dbcolumn-info>
         <cmp-dbcolumn-info>USR_ALTA:String:USR_ALTA:VARCHAR:false:true:true</cmp-dbcolumn-info>
         <cmp-dbcolumn-info>F_ALTA:java.sql.Timestamp:F_ALTA:TIMESTAMP:false:true:true</cmp-dbcolumn-info>
         <cmp-dbcolumn-info>USR_MODI:String:USR_MODI:VARCHAR:false:true:true</cmp-dbcolumn-info>
         <cmp-dbcolumn-info>F_MODI:java.sql.Timestamp:F_MODI:TIMESTAMP:false:true:true</cmp-dbcolumn-info>
         <cmp-dbcolumn-info>FECHA:java.sql.Timestamp:FECHA:TIMESTAMP:false:true:true</cmp-dbcolumn-info>
         <cmp-dbcolumn-info>SALDO_X_APLICAR:Integer:SALDO_X_APLICAR:DECIMAL:false:true:true</cmp-dbcolumn-info>
         <cmp-dbcolumn-info>SIGNO_SALDO:Integer:SIGNO_SALDO:DECIMAL:false:true:true</cmp-dbcolumn-info>
      </cmpdb-mapping>
      <cmpdb-mapping>
         <ejb-name>PuntosPorSucursal</ejb-name>
         <db-info>tematika:site:jdbc/site:FDN_PUNTOS_X_SUCURSAL</db-info>
         <cmp-dbcolumn-info>ID_CUENTA:Integer:ID_CUENTA:DECIMAL:true:true:true</cmp-dbcolumn-info>
         <cmp-dbcolumn-info>ID_SUCURSAL:Integer:ID_SUCURSAL:DECIMAL:true:true:true</cmp-dbcolumn-info>
         <cmp-dbcolumn-info>MES:java.sql.Timestamp:MES:TIMESTAMP:true:true:true</cmp-dbcolumn-info>
         <cmp-dbcolumn-info>PUNTOS:Integer:PUNTOS:DECIMAL:false:true:true</cmp-dbcolumn-info>
         <cmp-dbcolumn-info>FECHA_MODIFICACION:Long:FECHA_MODIFICACION:DECIMAL:false:true:true</cmp-dbcolumn-info>
         <cmp-dbcolumn-info>USR_ALTA:String:USR_ALTA:VARCHAR:false:true:true</cmp-dbcolumn-info>
         <cmp-dbcolumn-info>F_ALTA:java.sql.Timestamp:F_ALTA:TIMESTAMP:false:true:true</cmp-dbcolumn-info>
         <cmp-dbcolumn-info>USR_MODI:String:USR_MODI:VARCHAR:false:true:true</cmp-dbcolumn-info>
         <cmp-dbcolumn-info>F_MODI:java.sql.Timestamp:F_MODI:TIMESTAMP:false:true:true</cmp-dbcolumn-info>
         <cmp-dbcolumn-info>SALDO_X_APLICAR:Double:SALDO_X_APLICAR:DECIMAL:false:true:true</cmp-dbcolumn-info>
         <cmp-dbcolumn-info>SIGNO_SALDO:Integer:SIGNO_SALDO:DECIMAL:false:true:true</cmp-dbcolumn-info>
         <cmp-dbcolumn-info>ID_SUCURSAL_CUENTA:Integer:ID_SUCURSAL_CUENTA:DECIMAL:false:true:true</cmp-dbcolumn-info>
      </cmpdb-mapping>
      <cmpdb-mapping>
         <ejb-name>SocioRefCodes</ejb-name>
         <db-info>tematika:site:jdbc/site:SOCIOS_REF_CODES</db-info>
         <cmp-dbcolumn-info>ID_SOCIO:Integer:ID_SOCIO:DECIMAL:true:true:true</cmp-dbcolumn-info>
         <cmp-dbcolumn-info>ID_SUCURSAL:Integer:ID_SUCURSAL:DECIMAL:true:true:true</cmp-dbcolumn-info>
         <cmp-dbcolumn-info>DOMAIN:String:DOMAIN:VARCHAR:true:true:true</cmp-dbcolumn-info>
         <cmp-dbcolumn-info>LOW_VALUE:String:LOW_VALUE:VARCHAR:true:true:true</cmp-dbcolumn-info>
         <cmp-dbcolumn-info>USR_ALTA:String:USR_ALTA:VARCHAR:false:true:true</cmp-dbcolumn-info>
         <cmp-dbcolumn-info>F_ALTA:java.sql.Timestamp:F_ALTA:TIMESTAMP:false:true:true</cmp-dbcolumn-info>
         <cmp-dbcolumn-info>USR_MODI:String:USR_MODI:VARCHAR:false:true:true</cmp-dbcolumn-info>
         <cmp-dbcolumn-info>F_MODI:java.sql.Timestamp:F_MODI:TIMESTAMP:false:true:true</cmp-dbcolumn-info>
         <cmp-dbcolumn-info>CARACTER:String:CARACTER:VARCHAR:false:true:true</cmp-dbcolumn-info>
         <cmp-dbcolumn-info>NUMERO:Double:NUMERO:DECIMAL:false:true:true</cmp-dbcolumn-info>
         <cmp-dbcolumn-info>FECHA:java.sql.Timestamp:FECHA:TIMESTAMP:false:true:true</cmp-dbcolumn-info>
      </cmpdb-mapping>
      <cmpdb-mapping>
         <ejb-name>SocioVehiculo</ejb-name>
         <db-info>tematika:site:jdbc/site:SOCIOS_VEHICULOS</db-info>
         <cmp-dbcolumn-info>ID_SOCIO:Integer:ID_SOCIO:DECIMAL:true:true:true</cmp-dbcolumn-info>
         <cmp-dbcolumn-info>ID_SUCURSAL:Integer:ID_SUCURSAL:DECIMAL:true:true:true</cmp-dbcolumn-info>
         <cmp-dbcolumn-info>ID_SOVH:Integer:ID_SOVH:DECIMAL:true:true:true</cmp-dbcolumn-info>
         <cmp-dbcolumn-info>ID_MARCA:String:ID_MARCA:VARCHAR:false:true:true</cmp-dbcolumn-info>
         <cmp-dbcolumn-info>ID_MODELO:String:ID_MODELO:VARCHAR:false:true:true</cmp-dbcolumn-info>
         <cmp-dbcolumn-info>ANIO_MODELO:Integer:ANIO_MODELO:DECIMAL:false:true:true</cmp-dbcolumn-info>
         <cmp-dbcolumn-info>USR_ALTA:String:USR_ALTA:VARCHAR:false:true:true</cmp-dbcolumn-info>
         <cmp-dbcolumn-info>F_ALTA:java.sql.Timestamp:F_ALTA:TIMESTAMP:false:true:true</cmp-dbcolumn-info>
         <cmp-dbcolumn-info>USR_MODI:String:USR_MODI:VARCHAR:false:true:true</cmp-dbcolumn-info>
         <cmp-dbcolumn-info>F_MODI:java.sql.Timestamp:F_MODI:TIMESTAMP:false:true:true</cmp-dbcolumn-info>
      </cmpdb-mapping>
      <cmpdb-mapping>
         <ejb-name>SocioTarjetas</ejb-name>
         <db-info>tematika:site:jdbc/site:SOCIOS_TARJETAS</db-info>
         <cmp-dbcolumn-info>USR_ALTA:String:USR_ALTA:VARCHAR:false:true:true</cmp-dbcolumn-info>
         <cmp-dbcolumn-info>F_ALTA:java.sql.Timestamp:F_ALTA:TIMESTAMP:false:true:true</cmp-dbcolumn-info>
         <cmp-dbcolumn-info>USR_MODI:String:USR_MODI:VARCHAR:false:true:true</cmp-dbcolumn-info>
         <cmp-dbcolumn-info>F_MODI:java.sql.Timestamp:F_MODI:TIMESTAMP:false:true:true</cmp-dbcolumn-info>
         <cmp-dbcolumn-info>ID_USR_ALTA:String:ID_USR_ALTA:VARCHAR:false:true:true</cmp-dbcolumn-info>
         <cmp-dbcolumn-info>ID_USR_MODI:String:ID_USR_MODI:VARCHAR:false:true:true</cmp-dbcolumn-info>
         <cmp-dbcolumn-info>ID_MEDIO_COBRO:String:ID_MEDIO_COBRO:VARCHAR:true:true:true</cmp-dbcolumn-info>
         <cmp-dbcolumn-info>ID_SUCURSAL:Integer:ID_SUCURSAL:DECIMAL:true:true:true</cmp-dbcolumn-info>
         <cmp-dbcolumn-info>ID_SOCIO:Integer:ID_SOCIO:DECIMAL:true:true:true</cmp-dbcolumn-info>
      </cmpdb-mapping>
      <cmpdb-mapping>
         <ejb-name>OrdenPorCuenta</ejb-name>
         <db-info>tematika:site:jdbc/site:ORDEN_X_CUENTA</db-info>
         <cmp-dbcolumn-info>ID_ORDEN:Integer:ID_ORDEN:DECIMAL:true:true:true</cmp-dbcolumn-info>
         <cmp-dbcolumn-info>ID_SUCURSAL_SOCIO:Integer:ID_SUCURSAL_SOCIO:DECIMAL:false:true:true</cmp-dbcolumn-info>
         <cmp-dbcolumn-info>ID_SOCIO:Integer:ID_SOCIO:DECIMAL:false:true:true</cmp-dbcolumn-info>
         <cmp-dbcolumn-info>ID_SUCURSAL_CUENTA:Integer:ID_SUCURSAL_CUENTA:DECIMAL:false:true:true</cmp-dbcolumn-info>
         <cmp-dbcolumn-info>ID_CUENTA:Integer:ID_CUENTA:DECIMAL:false:true:true</cmp-dbcolumn-info>
         <cmp-dbcolumn-info>NRO_TARJETA:String:NRO_TARJETA:VARCHAR:false:true:true</cmp-dbcolumn-info>
      </cmpdb-mapping>
   </cmpdb-mappings>
</jrun-ejb-tool>

