<?xml version="1.0" encoding="UTF-8"?>
<!DOCTYPE ejb-jar PUBLIC "-//Sun Microsystems, Inc.//DTD Enterprise JavaBeans 2.0//EN" "http://java.sun.com/dtd/ejb-jar_2_0.dtd">
<ejb-jar>
	<enterprise-beans>
		<!--entity>
			<display-name>MasVendidoSeccion</display-name>
			<ejb-name>MasVendidoSeccion</ejb-name>
			<local-home>com.tmk.categoria.MasVendidoSeccionLocalHome</local-home>
			<local>com.tmk.categoria.MasVendidoSeccionLocal</local>
			<ejb-class>com.tmk.categoria.MasVendidoSeccionBean</ejb-class>
			<persistence-type>Container</persistence-type>
			<prim-key-class>com.tmk.categoria.MasVendidoSeccionPK</prim-key-class>
			<reentrant>True</reentrant>
			<cmp-version>2.x</cmp-version>
			<abstract-schema-name>MAS_VENDIDOS_SECCION</abstract-schema-name>
			<cmp-field>
				<field-name>CATEGORIA_SECCION</field-name>
			</cmp-field>
			<cmp-field>
				<field-name>ID_ARTICULO</field-name>
			</cmp-field>
			<cmp-field>
				<field-name>ORDEN</field-name>
			</cmp-field>
			<ejb-local-ref>
				<ejb-ref-name>MasVendidoSeccion</ejb-ref-name>
				<ejb-ref-type>Entity</ejb-ref-type>
				<local-home>com.tmk.categoria.MasVendidoSeccionLocalHome</local-home>
				<local>com.tmk.categoria.MasVendidoSeccionLocal</local>
				<ejb-link>ejb/MasVendidoSeccion</ejb-link>
			</ejb-local-ref>
			<security-identity>
				<use-caller-identity/>
			</security-identity>
			<resource-ref>
				<res-ref-name>jdbc/site</res-ref-name>
				<res-type>javax.sql.DataSource</res-type>
				<res-auth>Container</res-auth>
			</resource-ref>
			<query>
				<description>MasVendidoSeccion.findByCategoria()</description>
				<query-method>
					<method-name>findByCategoria</method-name>
					<method-params>
						<method-param>java.lang.Integer</method-param>
					</method-params>
				</query-method>
				<ejb-ql>SELECT OBJECT(o) FROM MAS_VENDIDOS_SECCION AS o WHERE o.CATEGORIA_SECCION = ?1</ejb-ql>
			</query>
		</entity-->
		<!-- entity>
			<display-name>MasVendidoGrupo</display-name>
			<ejb-name>MasVendidoGrupo</ejb-name>
			<local-home>com.tmk.categoria.MasVendidoGrupoLocalHome</local-home>
			<local>com.tmk.categoria.MasVendidoGrupoLocal</local>
			<ejb-class>com.tmk.categoria.MasVendidoGrupoBean</ejb-class>
			<persistence-type>Container</persistence-type>
			<prim-key-class>com.tmk.categoria.MasVendidoGrupoPK</prim-key-class>
			<reentrant>True</reentrant>
			<cmp-version>2.x</cmp-version>
			<abstract-schema-name>MAS_VENDIDOS_GRUPO</abstract-schema-name>
			<cmp-field>
				<field-name>CATEGORIA_SECCION</field-name>
			</cmp-field>
			<cmp-field>
				<field-name>CATEGORIA_GRUPO</field-name>
			</cmp-field>
			<cmp-field>
				<field-name>ID_ARTICULO</field-name>
			</cmp-field>
			<cmp-field>
				<field-name>ORDEN</field-name>
			</cmp-field>
			<ejb-local-ref>
				<ejb-ref-name>MasVendidoGrupo</ejb-ref-name>
				<ejb-ref-type>Entity</ejb-ref-type>
				<local-home>com.tmk.categoria.MasVendidoGrupoLocalHome</local-home>
				<local>com.tmk.categoria.MasVendidoGrupoLocal</local>
				<ejb-link>ejb/MasVendidoGrupo</ejb-link>
			</ejb-local-ref>
			<security-identity>
				<use-caller-identity/>
			</security-identity>
			<resource-ref>
				<res-ref-name>jdbc/site</res-ref-name>
				<res-type>javax.sql.DataSource</res-type>
				<res-auth>Container</res-auth>
			</resource-ref>
			<query>
				<description>MasVendidoGrupo.findByCategoria()</description>
				<query-method>
					<method-name>findByCategoria</method-name>
					<method-params>
						<method-param>java.lang.Integer</method-param>
						<method-param>java.lang.Integer</method-param>
					</method-params>
				</query-method>
				<ejb-ql>SELECT OBJECT(o) FROM MAS_VENDIDOS_GRUPO AS o WHERE o.CATEGORIA_SECCION = ?1 AND o.CATEGORIA_GRUPO = ?2</ejb-ql>
			</query>
		</entity-->
		<!-- entity>
			<display-name>MasVendidoFamilia</display-name>
			<ejb-name>MasVendidoFamilia</ejb-name>
			<local-home>com.tmk.categoria.MasVendidoFamiliaLocalHome</local-home>
			<local>com.tmk.categoria.MasVendidoFamiliaLocal</local>
			<ejb-class>com.tmk.categoria.MasVendidoFamiliaBean</ejb-class>
			<persistence-type>Container</persistence-type>
			<prim-key-class>com.tmk.categoria.MasVendidoFamiliaPK</prim-key-class>
			<reentrant>True</reentrant>
			<cmp-version>2.x</cmp-version>
			<abstract-schema-name>MAS_VENDIDOS_FAMILIA</abstract-schema-name>
			<cmp-field>
				<field-name>CATEGORIA_SECCION</field-name>
			</cmp-field>
			<cmp-field>
				<field-name>CATEGORIA_GRUPO</field-name>
			</cmp-field>
			<cmp-field>
				<field-name>CATEGORIA_FAMILIA</field-name>
			</cmp-field>
			<cmp-field>
				<field-name>ID_ARTICULO</field-name>
			</cmp-field>
			<cmp-field>
				<field-name>ORDEN</field-name>
			</cmp-field>
			<ejb-local-ref>
				<ejb-ref-name>MasVendidoFamilia</ejb-ref-name>
				<ejb-ref-type>Entity</ejb-ref-type>
				<local-home>com.tmk.categoria.MasVendidoFamiliaLocalHome</local-home>
				<local>com.tmk.categoria.MasVendidoFamiliaLocal</local>
				<ejb-link>ejb/MasVendidoFamilia</ejb-link>
			</ejb-local-ref>
			<security-identity>
				<use-caller-identity/>
			</security-identity>
			<resource-ref>
				<res-ref-name>jdbc/site</res-ref-name>
				<res-type>javax.sql.DataSource</res-type>
				<res-auth>Container</res-auth>
			</resource-ref>
			<query>
				<description>MasVendidoGrupo.findByCategoria()</description>
				<query-method>
					<method-name>findByCategoria</method-name>
					<method-params>
						<method-param>java.lang.Integer</method-param>
						<method-param>java.lang.Integer</method-param>
						<method-param>java.lang.Integer</method-param>
					</method-params>
				</query-method>
				<ejb-ql>SELECT OBJECT(o) FROM MAS_VENDIDOS_FAMILIA AS o WHERE o.CATEGORIA_SECCION = ?1 AND o.CATEGORIA_GRUPO = ?2 AND o.CATEGORIA_FAMILIA = ?3</ejb-ql>
			</query>
		</entity-->
		<entity>
			<display-name>CategFamilia</display-name>
			<ejb-name>CategFamilia</ejb-name>
			<!--
			<home>com.tmk.categoria.CategFamiliaHome</home>
			<remote>com.tmk.categoria.CategFamilia</remote>
			-->
			<local-home>com.tmk.categoria.CategFamiliaLocalHome</local-home>
			<local>com.tmk.categoria.CategFamiliaLocal</local>
			<ejb-class>com.tmk.categoria.CategFamiliaBean</ejb-class>
			<persistence-type>Container</persistence-type>
			<prim-key-class>com.tmk.categoria.CategFamiliaPK</prim-key-class>
			<reentrant>True</reentrant>
			<cmp-version>2.x</cmp-version>
			<abstract-schema-name>CATEG_FAMILIAS</abstract-schema-name>
			<cmp-field>
				<field-name>CATEGORIA_SECCION</field-name>
			</cmp-field>
			<cmp-field>
				<field-name>CATEGORIA_GRUPO</field-name>
			</cmp-field>
			<cmp-field>
				<field-name>CATEGORIA_FAMILIA</field-name>
			</cmp-field>
			<cmp-field>
				<field-name>DESCRIPCION</field-name>
			</cmp-field>
			<ejb-local-ref>
				<ejb-ref-name>CategFamilia</ejb-ref-name>
				<ejb-ref-type>Entity</ejb-ref-type>
				<local-home>com.tmk.categoria.CategFamiliaLocalHome</local-home>
				<local>com.tmk.categoria.CategFamiliaLocal</local>
				<ejb-link>ejb/CategFamilia</ejb-link>
			</ejb-local-ref>
			<security-identity>
				<use-caller-identity/>
			</security-identity>
			<resource-ref>
				<res-ref-name>jdbc/site</res-ref-name>
				<res-type>javax.sql.DataSource</res-type>
				<res-auth>Container</res-auth>
			</resource-ref>
			<query>
				<description>CategFamilia.findByCategoria()</description>
				<query-method>
					<method-name>findByCategoria</method-name>
					<method-params>
						<method-param>java.lang.Integer</method-param>
						<method-param>java.lang.Integer</method-param>
					</method-params>
				</query-method>
				<ejb-ql>SELECT OBJECT(o) FROM CATEG_FAMILIAS AS o WHERE o.CATEGORIA_SECCION = ?1 AND o.CATEGORIA_GRUPO = ?2</ejb-ql>
			</query>
		</entity>
		<entity>
			<display-name>CategGrupo</display-name>
			<ejb-name>CategGrupo</ejb-name>
			<!--
			<home>com.tmk.categoria.CategGrupoHome</home>
			<remote>com.tmk.categoria.CategGrupo</remote>
			-->
			<local-home>com.tmk.categoria.CategGrupoLocalHome</local-home>
			<local>com.tmk.categoria.CategGrupoLocal</local>
			<ejb-class>com.tmk.categoria.CategGrupoBean</ejb-class>
			<persistence-type>Container</persistence-type>
			<prim-key-class>com.tmk.categoria.CategGrupoPK</prim-key-class>
			<reentrant>True</reentrant>
			<cmp-version>2.x</cmp-version>
			<abstract-schema-name>CATEG_GRUPOS</abstract-schema-name>
			<cmp-field>
				<field-name>CATEGORIA_SECCION</field-name>
			</cmp-field>
			<cmp-field>
				<field-name>CATEGORIA_GRUPO</field-name>
			</cmp-field>
			<cmp-field>
				<field-name>DESCRIPCION</field-name>
			</cmp-field>
			<ejb-local-ref>
				<ejb-ref-name>CategGrupo</ejb-ref-name>
				<ejb-ref-type>Entity</ejb-ref-type>
				<local-home>com.tmk.categoria.CategGrupoLocalHome</local-home>
				<local>com.tmk.categoria.CategGrupoLocal</local>
				<ejb-link>ejb/CategGrupo</ejb-link>
			</ejb-local-ref>
			<security-identity>
				<use-caller-identity/>
			</security-identity>
			<resource-ref>
				<res-ref-name>jdbc/site</res-ref-name>
				<res-type>javax.sql.DataSource</res-type>
				<res-auth>Container</res-auth>
			</resource-ref>
			<query>
				<description>CategGrupo.findByCategoria()</description>
				<query-method>
					<method-name>findByCategoria</method-name>
					<method-params>
						<method-param>java.lang.Integer</method-param>
					</method-params>
				</query-method>
				<ejb-ql>SELECT OBJECT(o) FROM CATEG_GRUPOS AS o WHERE o.CATEGORIA_SECCION = ?1</ejb-ql>
			</query>
		</entity>
		<entity>
			<display-name>CategSubFamilia</display-name>
			<ejb-name>CategSubFamilia</ejb-name>
			<!--
			<home>com.tmk.categoria.CategSubFamiliaHome</home>
			<remote>com.tmk.categoria.CategSubFamilia</remote>
			-->
			<local-home>com.tmk.categoria.CategSubFamiliaLocalHome</local-home>
			<local>com.tmk.categoria.CategSubFamiliaLocal</local>
			<ejb-class>com.tmk.categoria.CategSubFamiliaBean</ejb-class>
			<persistence-type>Container</persistence-type>
			<prim-key-class>com.tmk.categoria.CategSubFamiliaPK</prim-key-class>
			<reentrant>True</reentrant>
			<cmp-version>2.x</cmp-version>
			<abstract-schema-name>CATEG_SUBFAMILIAS</abstract-schema-name>
			<cmp-field>
				<field-name>CATEGORIA_SECCION</field-name>
			</cmp-field>
			<cmp-field>
				<field-name>CATEGORIA_GRUPO</field-name>
			</cmp-field>
			<cmp-field>
				<field-name>CATEGORIA_FAMILIA</field-name>
			</cmp-field>
			<cmp-field>
				<field-name>CATEGORIA_SUBFAMILIA</field-name>
			</cmp-field>
			<cmp-field>
				<field-name>DESCRIPCION</field-name>
			</cmp-field>
			<ejb-local-ref>
				<ejb-ref-name>CategSubFamilia</ejb-ref-name>
				<ejb-ref-type>Entity</ejb-ref-type>
				<local-home>com.tmk.categoria.CategSubFamiliaLocalHome</local-home>
				<local>com.tmk.categoria.CategSubFamiliaLocal</local>
				<ejb-link>ejb/CategSubFamilia</ejb-link>
			</ejb-local-ref>
			<security-identity>
				<use-caller-identity/>
			</security-identity>
			<resource-ref>
				<res-ref-name>jdbc/site</res-ref-name>
				<res-type>javax.sql.DataSource</res-type>
				<res-auth>Container</res-auth>
			</resource-ref>
			<query>
				<description>CategSubFamilia.findByCategoria()</description>
				<query-method>
					<method-name>findByCategoria</method-name>
					<method-params>
						<method-param>java.lang.Integer</method-param>
						<method-param>java.lang.Integer</method-param>
						<method-param>java.lang.Integer</method-param>
					</method-params>
				</query-method>
				<ejb-ql>SELECT OBJECT(o) FROM CATEG_SUBFAMILIAS AS o WHERE o.CATEGORIA_SECCION = ?1 AND o.CATEGORIA_GRUPO = ?2 AND o.CATEGORIA_FAMILIA = ?3</ejb-ql>
			</query>
		</entity>
		<!-- entity>
			<display-name>CategSeccion</display-name>
			<ejb-name>CategSeccion</ejb-name>
			<local-home>com.tmk.categoria.CategSeccionLocalHome</local-home>
			<local>com.tmk.categoria.CategSeccionLocal</local>
			<ejb-class>com.tmk.categoria.CategSeccionBean</ejb-class>
			<persistence-type>Container</persistence-type>
			<prim-key-class>java.lang.Integer</prim-key-class>
			<reentrant>True</reentrant>
			<cmp-version>2.x</cmp-version>
			<abstract-schema-name>CATEG_SECCIONES</abstract-schema-name>
			<cmp-field>
				<field-name>CATEGORIA_SECCION</field-name>
			</cmp-field>
			<cmp-field>
				<field-name>DESCRIPCION</field-name>
			</cmp-field>
			<primkey-field>CATEGORIA_SECCION</primkey-field>
			<ejb-local-ref>
				<ejb-ref-name>CategSeccion</ejb-ref-name>
				<ejb-ref-type>Entity</ejb-ref-type>
				<local-home>com.tmk.categoria.CategSeccionLocalHome</local-home>
				<local>com.tmk.categoria.CategSeccionLocal</local>
				<ejb-link>ejb/CategSeccion</ejb-link>
			</ejb-local-ref>
			<security-identity>
				<use-caller-identity/>
			</security-identity>
			<resource-ref>
				<res-ref-name>jdbc/site</res-ref-name>
				<res-type>javax.sql.DataSource</res-type>
				<res-auth>Container</res-auth>
			</resource-ref>
			<query>
				<description>CategSeccion.findAll()</description>
				<query-method>
					<method-name>findAll</method-name>
					<method-params/>
				</query-method>
				<ejb-ql>SELECT OBJECT(o) FROM CATEG_SECCIONES AS o</ejb-ql>
			</query>
		</entity-->
	</enterprise-beans>
</ejb-jar>
