<?xml version="1.0" encoding="UTF-8"?>
<!DOCTYPE ejb-jar PUBLIC "-//Sun Microsystems, Inc.//DTD Enterprise JavaBeans 2.0//EN" "http://java.sun.com/dtd/ejb-jar_2_0.dtd">
<ejb-jar>
   <enterprise-beans>
      <entity>
         <display-name>Sucursal</display-name>
         <ejb-name>Sucursal</ejb-name>
         <local-home>com.tmk.common.SucursalLocalHome</local-home>
         <local>com.tmk.common.SucursalLocal</local>
         <ejb-class>com.tmk.common.SucursalBean</ejb-class>
         <persistence-type>Container</persistence-type>
         <prim-key-class>java.lang.Integer</prim-key-class>
         <reentrant>True</reentrant>
         <cmp-version>2.x</cmp-version>
         <abstract-schema-name>SUCURSALES</abstract-schema-name>
         <cmp-field>
            <field-name>ID_SUCURSAL</field-name>
         </cmp-field>
         <cmp-field>
            <field-name>DESCRIPCION</field-name>
         </cmp-field>
         <cmp-field>
            <field-name>FECHA_APERTURA</field-name>
         </cmp-field>
         <cmp-field>
            <field-name>DIRECCION</field-name>
         </cmp-field>
         <cmp-field>
            <field-name>ID_PAIS</field-name>
         </cmp-field>
         <cmp-field>
            <field-name>ID_PROVINCIA</field-name>
         </cmp-field>
         <cmp-field>
            <field-name>ID_LOCALIDAD</field-name>
         </cmp-field>
         <cmp-field>
            <field-name>CODIGO_POSTAL</field-name>
         </cmp-field>
         <cmp-field>
            <field-name>TELEFONO</field-name>
         </cmp-field>
         <cmp-field>
            <field-name>FAX</field-name>
         </cmp-field>
         <cmp-field>
            <field-name>EMAIL</field-name>
         </cmp-field>
         <primkey-field>ID_SUCURSAL</primkey-field>
         <ejb-local-ref>
            <ejb-ref-name>Sucursal</ejb-ref-name>
            <ejb-ref-type>Entity</ejb-ref-type>
            <local-home>com.tmk.common.SucursalLocalHome</local-home>
            <local>com.tmk.common.SucursalLocal</local>
            <ejb-link>ejb/Sucursal</ejb-link>
         </ejb-local-ref>
         <security-identity>
            <use-caller-identity />
         </security-identity>
         <resource-ref>
            <res-ref-name>jdbc/site</res-ref-name>
            <res-type>javax.sql.DataSource</res-type>
            <res-auth>Container</res-auth>
         </resource-ref>
         <query>
            <description>Sucursal.findAll()</description>
            <query-method>
               <method-name>findAll</method-name>
               <method-params />
            </query-method>
            <result-type-mapping>Local</result-type-mapping>
            <ejb-ql>SELECT OBJECT(o) FROM SUCURSALES AS o</ejb-ql>
         </query>
      </entity>
      <entity>
         <display-name>PedidoEspecial</display-name>
         <ejb-name>PedidoEspecial</ejb-name>
         <local-home>com.tmk.common.PedidoEspecialLocalHome</local-home>
         <local>com.tmk.common.PedidoEspecialLocal</local>
         <ejb-class>com.tmk.common.PedidoEspecialBean</ejb-class>
         <persistence-type>Container</persistence-type>
         <prim-key-class>java.lang.Integer</prim-key-class>
         <reentrant>True</reentrant>
         <cmp-version>2.x</cmp-version>
         <abstract-schema-name>PEDIDO_ESPECIAL</abstract-schema-name>
         <cmp-field>
            <field-name>ID_SUCURSAL_SOCIO</field-name>
         </cmp-field>
         <cmp-field>
            <field-name>ID_SOCIO</field-name>
         </cmp-field>
         <cmp-field>
            <field-name>ID_ARTICULO</field-name>
         </cmp-field>
         <cmp-field>
            <field-name>FECHA</field-name>
         </cmp-field>
         <cmp-field>
            <field-name>TELEFONO</field-name>
         </cmp-field>
         <cmp-field>
            <field-name>HORARIO</field-name>
         </cmp-field>
         <cmp-field>
            <field-name>COMENTARIO</field-name>
         </cmp-field>
         <cmp-field>
            <field-name>ID_DISPONIBILIDAD</field-name>
         </cmp-field>
         <cmp-field>
            <field-name>ID_PEDIDO</field-name>
         </cmp-field>
         <cmp-field>
            <field-name>ID_CONSULTA</field-name>
         </cmp-field>
         <cmp-field>
            <field-name>ID_OPINION</field-name>
         </cmp-field>
         <primkey-field>ID_PEDIDO</primkey-field>
         <ejb-local-ref>
            <ejb-ref-name>PedidoEspecial</ejb-ref-name>
            <ejb-ref-type>Entity</ejb-ref-type>
            <local-home>com.tmk.common.PedidoEspecialLocalHome</local-home>
            <local>com.tmk.common.PedidoEspecialLocal</local>
            <ejb-link>ejb/PedidoEspecial</ejb-link>
         </ejb-local-ref>
         <security-identity>
            <use-caller-identity />
         </security-identity>
         <resource-ref>
            <res-ref-name>jdbc/site</res-ref-name>
            <res-type>javax.sql.DataSource</res-type>
            <res-auth>Container</res-auth>
         </resource-ref>
         <query>
            <query-method>
               <method-name>findUltimosPedidos</method-name>
               <method-params />
            </query-method>
            <result-type-mapping>Local</result-type-mapping>
            <ejb-ql>SELECT OBJECT(o) FROM PEDIDO_ESPECIAL AS o</ejb-ql>
         </query>
      </entity>

	   <!-- entity>
         <display-name>Comentario</display-name>
         <ejb-name>Comentario</ejb-name>
         <local-home>com.tmk.common.ComentarioLocalHome</local-home>
         <local>com.tmk.common.ComentarioLocal</local>
         <ejb-class>com.tmk.common.ComentarioBean</ejb-class>
         <persistence-type>Container</persistence-type>
         <prim-key-class>com.tmk.common.ComentarioPK</prim-key-class>
         <reentrant>True</reentrant>
         <cmp-version>2.x</cmp-version>
         <abstract-schema-name>COMENTARIO_ARTICULOS</abstract-schema-name>
         <cmp-field>
            <field-name>ID_ARTICULO</field-name>
         </cmp-field>
         <cmp-field>
            <field-name>ID_COMENTARIO</field-name>
         </cmp-field>
         <cmp-field>
            <field-name>COMENTARIO</field-name>
         </cmp-field>
         <cmp-field>
            <field-name>EVALUACION</field-name>
         </cmp-field>
         <cmp-field>
            <field-name>FECHA</field-name>
         </cmp-field>
         <cmp-field>
            <field-name>ESTADO</field-name>
         </cmp-field>
         <cmp-field>
            <field-name>ID_SUCURSAL_SOCIO</field-name>
         </cmp-field>
         <cmp-field>
            <field-name>ID_SOCIO</field-name>
         </cmp-field>
         <cmp-field>
            <field-name>NICKNAME</field-name>
         </cmp-field>
         <ejb-local-ref>
            <ejb-ref-name>Comentario</ejb-ref-name>
            <ejb-ref-type>Entity</ejb-ref-type>
            <local-home>com.tmk.common.ComentarioLocalHome</local-home>
            <local>com.tmk.common.ComentarioLocal</local>
            <ejb-link>ejb/Comentario</ejb-link>
         </ejb-local-ref>
         <security-identity>
            <use-caller-identity />
         </security-identity>
         <resource-ref>
            <res-ref-name>jdbc/site</res-ref-name>
            <res-type>javax.sql.DataSource</res-type>
            <res-auth>Container</res-auth>
         </resource-ref>
         <query>
            <query-method>
               <method-name>findComentarios</method-name>
               <method-params>
                  <method-param>java.lang.Integer</method-param>
               </method-params>
            </query-method>
            <result-type-mapping>Local</result-type-mapping>
            <ejb-ql>SELECT OBJECT(o) FROM COMENTARIO_ARTICULOS AS o</ejb-ql>
         </query>
         <query>
            <query-method>
               <method-name>findComentariosNuevos</method-name>
               <method-params />
            </query-method>
            <result-type-mapping>Local</result-type-mapping>
            <ejb-ql>SELECT OBJECT(o) FROM COMENTARIO_ARTICULOS AS o</ejb-ql>
         </query>
      </entity-->
      
      

	   <!--
	   <entity>
         <display-name>Referido</display-name>
         <ejb-name>Referido</ejb-name>
         <local-home>com.tmk.common.ReferidoLocalHome</local-home>
         <local>com.tmk.common.ReferidoLocal</local>
         <ejb-class>com.tmk.common.ReferidoBean</ejb-class>
         <persistence-type>Container</persistence-type>
         <prim-key-class>com.tmk.common.ReferidoPK</prim-key-class>
         <reentrant>True</reentrant>
         <cmp-version>2.x</cmp-version>
         <abstract-schema-name>REFERIDO</abstract-schema-name>
         <cmp-field>
            <field-name>ID_SOCIO_REFERENTE</field-name>
         </cmp-field>
         <cmp-field>
            <field-name>ID_SUCURSAL_REFERENTE</field-name>
         </cmp-field>
         <cmp-field>
            <field-name>ID_SOCIO_REFERIDO</field-name>
         </cmp-field>
         <cmp-field>
            <field-name>ID_SUCURSAL_REFERIDO</field-name>
         </cmp-field>
         <cmp-field>
            <field-name>CODIGO_REFERIDO</field-name>
         </cmp-field>
         <cmp-field>
            <field-name>FECHA_RECOMENDACION</field-name>
         </cmp-field>
         <cmp-field>
            <field-name>FECHA_COMPRA_REFERIDO</field-name>
         </cmp-field>
         <cmp-field>
            <field-name>ID_ORDEN_REFERENTE</field-name>
         </cmp-field>
         <cmp-field>
            <field-name>ID_ORDEN_REFERIDO</field-name>
         </cmp-field>
         <cmp-field>
            <field-name>ESTADO</field-name>
         </cmp-field>
		 <cmp-field>
			 <field-name>NOMBRE_REFERIDO</field-name>
		 </cmp-field>
		 <cmp-field>
			  <field-name>APELLIDO_REFERIDO</field-name>
		 </cmp-field>
		 <cmp-field>
			  <field-name>EMAIL_REFERIDO</field-name>
		 </cmp-field>

         <security-identity>
            <use-caller-identity />
         </security-identity>
		  <resource-ref>
            <res-ref-name>jdbc/site</res-ref-name>
            <res-type>javax.sql.DataSource</res-type>
            <res-auth>Container</res-auth>
         </resource-ref>
		   <query>
		      <query-method>
		         <method-name>findByOrdenReferido</method-name>
		         <method-params>
                  <method-param>java.lang.Integer</method-param>
               </method-params>
		      </query-method>
		      <result-type-mapping>Local</result-type-mapping>
		      <ejb-ql>SELECT OBJECT(o) FROM REFERIDO AS o</ejb-ql>
		   </query>
		   <query>
			 <query-method>
				<method-name>findByReferido</method-name>
				<method-params>
				 <method-param>java.lang.Integer</method-param>
				<method-param>java.lang.Integer</method-param>
			  </method-params>
			 </query-method>
			 <result-type-mapping>Local</result-type-mapping>
			 <ejb-ql>SELECT OBJECT(o) FROM REFERIDO AS o</ejb-ql>
		  </query>
		   <query>
			 <query-method>
				<method-name>findByReferenteEstado</method-name>
				<method-params>
				 <method-param>java.lang.Integer</method-param>
				<method-param>java.lang.Integer</method-param>
				<method-param>java.lang.String</method-param>
			  </method-params>
			 </query-method>
			 <result-type-mapping>Local</result-type-mapping>
			 <ejb-ql>SELECT OBJECT(o) FROM REFERIDO AS o</ejb-ql>
		  </query>
		   <query>
			 <query-method>
				<method-name>findByOrdenReferente</method-name>
				<method-params>
				 <method-param>java.lang.Integer</method-param>
			  </method-params>
			 </query-method>
			 <result-type-mapping>Local</result-type-mapping>
			 <ejb-ql>SELECT OBJECT(o) FROM REFERIDO AS o</ejb-ql>
		  </query>
		   <query>
			 <query-method>
				<method-name>findByReferente</method-name>
				<method-params>
				 <method-param>java.lang.Integer</method-param>
				<method-param>java.lang.Integer</method-param>
			  </method-params>
			 </query-method>
			 <result-type-mapping>Local</result-type-mapping>
			 <ejb-ql>SELECT OBJECT(o) FROM REFERIDO AS o</ejb-ql>
		  </query>

      </entity>-->
   </enterprise-beans>
</ejb-jar>

