<?xml version="1.0" encoding="UTF-8"?>
<!DOCTYPE jrun-web-app PUBLIC "-//Macromedia, Inc.//DTD jrun-web 1.0//EN" "http://www.macromedia.com/dtd/jrun-web.dtd">
<jrun-web-app>
	<virtual-mapping>
		<resource-path>/recursos/*</resource-path>
		<system-path>d:/tematika/recursos/</system-path>
	</virtual-mapping>
	<virtual-mapping>
		<resource-path>/tapas/*</resource-path>
		<system-path>d:/tematika/recursos/tapas/</system-path>
	</virtual-mapping>
	<virtual-mapping>
		<resource-path>/tapas/chicas/*</resource-path>
		<system-path>d:/tematika/recursos/tapas/chicas/</system-path>
	</virtual-mapping>
	<virtual-mapping>
		<resource-path>/tapas/grandes/*</resource-path>
		<system-path>d:/tematika/recursos/tapas/grandes/</system-path>
	</virtual-mapping>
	<virtual-mapping>
		<resource-path>/tapas/adicionales/*</resource-path>
		<system-path>d:/tematika/recursos/tapas/adicionales/</system-path>
	</virtual-mapping>
	<virtual-mapping>
		<resource-path>/tapas/sitio/*</resource-path>
		<system-path>d:/tematika/recursos/tapas/sitio/</system-path>
	</virtual-mapping>
	<virtual-mapping>
		<resource-path>/imagenes/*</resource-path>
		<system-path>d:/tematika/recursos/imagenes/</system-path>
	</virtual-mapping>
	<virtual-mapping>
			<resource-path>/general/*</resource-path>
			<system-path>d:/tematika/recursos/general/</system-path>
	</virtual-mapping>
	<virtual-mapping>
		<resource-path>/asociadas/*</resource-path>
		<system-path>d:/tematika/recursos/asociadas/</system-path>
	</virtual-mapping>
	<virtual-mapping>
		<resource-path>/asociadas/biografias/*</resource-path>
		<system-path>d:/tematika/recursos/asociadas/biografias/</system-path>
	</virtual-mapping>
	<virtual-mapping>
		<resource-path>/asociadas/capitulos/*</resource-path>
		<system-path>d:/tematika/recursos/asociadas/capitulos/</system-path>
	</virtual-mapping>
	<virtual-mapping>
		<resource-path>/asociadas/entrevistas/*</resource-path>
		<system-path>d:/tematika/recursos/asociadas/entrevistas/</system-path>
	</virtual-mapping>
	<virtual-mapping>
		<resource-path>/asociadas/extensiones/*</resource-path>
		<system-path>d:/tematika/recursos/asociadas/extensiones/</system-path>
	</virtual-mapping>
	<virtual-mapping>
		<resource-path>/asociadas/indices/*</resource-path>
		<system-path>d:/tematika/recursos/asociadas/indices/</system-path>
	</virtual-mapping>
	<virtual-mapping>
		<resource-path>/asociadas/notasDePrensa/*</resource-path>
		<system-path>d:/tematika/recursos/asociadas/notasDePrensa/</system-path>
	</virtual-mapping>
	<virtual-mapping>
		<resource-path>/asociadas/prensa/*</resource-path>
		<system-path>d:/tematika/recursos/asociadas/prensa/</system-path>
	</virtual-mapping>
	<virtual-mapping>
		<resource-path>/eXtra/*</resource-path>
		<system-path>d:/tematika/recursos/eXtra/</system-path>
	</virtual-mapping>
	<virtual-mapping>
		<resource-path>/leyendas/*</resource-path>
		<system-path>d:/tematika/recursos/leyendas/</system-path>
	</virtual-mapping>
	<virtual-mapping>
		<resource-path>/encuestas/*</resource-path>
		<system-path>d:/tematika/recursos/encuestas/</system-path>
	</virtual-mapping>
	<virtual-mapping>
		<resource-path>/grupos/*</resource-path>
		<system-path>d:/tematika/recursos/grupos/</system-path>
	</virtual-mapping>
	<virtual-mapping>
		<resource-path>/directorio/*</resource-path>
		<system-path>d:/tematika/recursos/directorio/</system-path>
	</virtual-mapping>
	<virtual-mapping>
		<resource-path>/contenidosEstaticos/*</resource-path>
		<system-path>d:/tematika/recursos/contenidosEstaticos/</system-path>
	</virtual-mapping>
	<virtual-mapping>
		<resource-path>/reporting/*</resource-path>
		<system-path>d:/tematika/recursos/reporting/</system-path>
	</virtual-mapping>
	<!--virtual-mapping>
		<resource-path>/contenidosEstaticosPre/*</resource-path>
		<system-path>w:/recursos/contenidosEstaticos/</system-path>
	</virtual-mapping-->
	<!-- Set these to false for production, they are false by default -->
	<reload>false</reload>
	<compile>false</compile>
	<uri-character-encoding>ISO-8859-1</uri-character-encoding>
	<session-config>
		<persistence-config>
			<active>false</active>
		</persistence-config>
		<replication-config>
			<active>false</active>
		</replication-config>
	</session-config>
	<context-root>/</context-root>
	<enable-jrun-web-services>false</enable-jrun-web-services>
</jrun-web-app>

