<?xml version="1.0" encoding="UTF-8"?>
<!DOCTYPE ejb-jar PUBLIC "-//Sun Microsystems, Inc.//DTD Enterprise JavaBeans 2.0//EN" "http://java.sun.com/dtd/ejb-jar_2_0.dtd">
<ejb-jar>
	<enterprise-beans>
        <entity>
			<display-name>Articulo</display-name>
			<ejb-name>Articulo</ejb-name>

			<local-home>com.tmk.articulo.ArticuloLocalHome</local-home>
			<local>com.tmk.articulo.ArticuloLocal</local>
			<ejb-class>com.tmk.articulo.ArticuloBean</ejb-class>
			<persistence-type>Container</persistence-type>
			<prim-key-class>java.lang.Integer</prim-key-class>
			<reentrant>True</reentrant>
			<cmp-version>2.x</cmp-version>
			<abstract-schema-name>ARTICULOS</abstract-schema-name>
			<cmp-field>
				<field-name>ID_ARTICULO</field-name>
			</cmp-field>
			<cmp-field>
				<field-name>TITULO</field-name>
			</cmp-field>
			<cmp-field>
				<field-name>CODIGO_PROVEEDOR</field-name>
			</cmp-field>
			<cmp-field>
				<field-name>DESCRIPCION</field-name>
			</cmp-field>
			<cmp-field>
				<field-name>FECHA_ALTA</field-name>
			</cmp-field>
			<cmp-field>
				<field-name>IDIOMA</field-name>
			</cmp-field>
			<cmp-field>
				<field-name>PAGINAS</field-name>
			</cmp-field>
			<cmp-field>
				<field-name>PESO</field-name>
			</cmp-field>
			<cmp-field>
				<field-name>PRECIO_VENTA_VIGENTE</field-name>
			</cmp-field>
			<cmp-field>
				<field-name>PRECIO_COMPRA_VIGENTE</field-name>
			</cmp-field>
			<cmp-field>
				<field-name>DESDE_EDAD</field-name>
			</cmp-field>
			<cmp-field>
				<field-name>HASTA_EDAD</field-name>
			</cmp-field>
			<cmp-field>
				<field-name>MARCA</field-name>
			</cmp-field>
			<cmp-field>
				<field-name>AGOTADO</field-name>
			</cmp-field>
			<cmp-field>
				<field-name>ACTIVO</field-name>
			</cmp-field>
			<cmp-field>
				<field-name>ARCHIVO_EN_SITE</field-name>
			</cmp-field>
			<cmp-field>
				<field-name>ARCHIVO_IMAGEN</field-name>
			</cmp-field>
			<cmp-field>
				<field-name>ARCHIVO_CAPITULO</field-name>
			</cmp-field>
			<cmp-field>
				<field-name>ID_ARTICULO_SITE</field-name>
			</cmp-field>
			<cmp-field>
				<field-name>ID_TIPO_ARTICULO</field-name>
			</cmp-field>
			<cmp-field>
				<field-name>ID_MONEDA_COMPRA</field-name>
			</cmp-field>
			<cmp-field>
				<field-name>ID_MONEDA_VENTA</field-name>
			</cmp-field>
			<cmp-field>
				<field-name>ID_EDITOR</field-name>
			</cmp-field>
			<cmp-field>
				<field-name>ID_PROVEEDOR</field-name>
			</cmp-field>
			<cmp-field>
				<field-name>ID_COLECCION</field-name>
			</cmp-field>
			<cmp-field>
				<field-name>ID_IMPUESTO</field-name>
			</cmp-field>
			<cmp-field>
				<field-name>NOVEDAD</field-name>
			</cmp-field>
			<cmp-field>
				<field-name>STOCK</field-name>
			</cmp-field>
			<cmp-field>
				<field-name>ES_TEXTO</field-name>
			</cmp-field>
			<cmp-field>
				<field-name>ESTADO_INGRESO</field-name>
			</cmp-field>
			<cmp-field>
				<field-name>CATEGORIA_SECCION</field-name>
			</cmp-field>
			<cmp-field>
				<field-name>CATEGORIA_GRUPO</field-name>
			</cmp-field>
			<cmp-field>
				<field-name>CATEGORIA_FAMILIA</field-name>
			</cmp-field>
			<cmp-field>
				<field-name>CATEGORIA_SUBFAMILIA</field-name>
			</cmp-field>
			<cmp-field>
				<field-name>ID_ACTIVIDAD_IIBB</field-name>
			</cmp-field>
			<cmp-field>
				<field-name>ID_COEDITOR</field-name>
			</cmp-field>
			<cmp-field>
				<field-name>NRO_EDICION</field-name>
			</cmp-field>
			<cmp-field>
				<field-name>COLECCION_DIRECTOR</field-name>
			</cmp-field>
			<cmp-field>
				<field-name>COLECCION_SERIE</field-name>
			</cmp-field>
			<cmp-field>
				<field-name>COLECCION_NUMERO</field-name>
			</cmp-field>
			<cmp-field>
				<field-name>NRO_VOLUMEN</field-name>
			</cmp-field>
			<cmp-field>
				<field-name>TOTAL_VOLUMENES</field-name>
			</cmp-field>
			<cmp-field>
				<field-name>TRADUCTOR</field-name>
			</cmp-field>
			<cmp-field>
				<field-name>COMPILADOR</field-name>
			</cmp-field>
			<cmp-field>
				<field-name>ILUSTRADOR</field-name>
			</cmp-field>
			<cmp-field>
				<field-name>COD_EXT_VISUAL</field-name>
			</cmp-field>
			<cmp-field>
				<field-name>AUXVARCHAR01</field-name>
			</cmp-field>
			<cmp-field>
				<field-name>AUXVARCHAR02</field-name>
			</cmp-field>
			<cmp-field>
				<field-name>AUXVARCHAR03</field-name>
			</cmp-field>
			<cmp-field>
				<field-name>AUXVARCHAR04</field-name>
			</cmp-field>
			<cmp-field>
				<field-name>AUXVARCHAR05</field-name>
			</cmp-field>
			<cmp-field>
				<field-name>AUXVARCHAR06</field-name>
			</cmp-field>
			<cmp-field>
				<field-name>AUXVARCHAR07</field-name>
			</cmp-field>
			<cmp-field>
				<field-name>AUXVARCHAR08</field-name>
			</cmp-field>
			<cmp-field>
				<field-name>AUXVARCHAR09</field-name>
			</cmp-field>
			<cmp-field>
				<field-name>AUXVARCHAR10</field-name>
			</cmp-field>
			<cmp-field>
				<field-name>AUXVARCHAR11</field-name>
			</cmp-field>
			<cmp-field>
				<field-name>AUXVARCHAR12</field-name>
			</cmp-field>
			<cmp-field>
				<field-name>AUXVARCHAR13</field-name>
			</cmp-field>
			<cmp-field>
				<field-name>AUXVARCHAR14</field-name>
			</cmp-field>
			<cmp-field>
				<field-name>AUXVARCHAR15</field-name>
			</cmp-field>
			<cmp-field>
				<field-name>AUXNUMBER01</field-name>
			</cmp-field>
			<cmp-field>
				<field-name>AUXNUMBER02</field-name>
			</cmp-field>
			<cmp-field>
				<field-name>AUXNUMBER03</field-name>
			</cmp-field>
			<cmp-field>
				<field-name>AUXNUMBER04</field-name>
			</cmp-field>
			<cmp-field>
				<field-name>AUXNUMBER05</field-name>
			</cmp-field>
			<cmp-field>
				<field-name>AUXNUMBER06</field-name>
			</cmp-field>
			<cmp-field>
				<field-name>AUXNUMBER07</field-name>
			</cmp-field>
			<cmp-field>
				<field-name>AUXNUMBER08</field-name>
			</cmp-field>
			<cmp-field>
				<field-name>AUXNUMBER09</field-name>
			</cmp-field>
			<cmp-field>
				<field-name>AUXNUMBER10</field-name>
			</cmp-field>
			<cmp-field>
				<field-name>AUXNUMBER11</field-name>
			</cmp-field>
			<cmp-field>
				<field-name>AUXNUMBER12</field-name>
			</cmp-field>
			<cmp-field>
				<field-name>AUXNUMBER13</field-name>
			</cmp-field>
			<cmp-field>
				<field-name>AUXNUMBER14</field-name>
			</cmp-field>
			<cmp-field>
				<field-name>AUXNUMBER15</field-name>
			</cmp-field>
			<cmp-field>
				<field-name>AUXFLAG01</field-name>
			</cmp-field>
			<cmp-field>
				<field-name>AUXFLAG02</field-name>
			</cmp-field>
			<cmp-field>
				<field-name>AUXFLAG03</field-name>
			</cmp-field>
			<cmp-field>
				<field-name>AUXFLAG04</field-name>
			</cmp-field>
			<cmp-field>
				<field-name>AUXFLAG05</field-name>
			</cmp-field>
			<cmp-field>
				<field-name>AUXFLAG06</field-name>
			</cmp-field>
			<cmp-field>
				<field-name>AUXFLAG07</field-name>
			</cmp-field>
			<cmp-field>
				<field-name>AUXFLAG08</field-name>
			</cmp-field>
			<cmp-field>
				<field-name>AUXFLAG09</field-name>
			</cmp-field>
			<cmp-field>
				<field-name>AUXFLAG10</field-name>
			</cmp-field>
			<cmp-field>
				<field-name>AUXFLAG11</field-name>
			</cmp-field>
			<cmp-field>
				<field-name>AUXFLAG12</field-name>
			</cmp-field>
			<cmp-field>
				<field-name>AUXFLAG13</field-name>
			</cmp-field>
			<cmp-field>
				<field-name>AUXFLAG14</field-name>
			</cmp-field>
			<cmp-field>
				<field-name>AUXFLAG15</field-name>
			</cmp-field>
			<cmp-field>
				<field-name>AUXLONGCHAR01</field-name>
			</cmp-field>
			<cmp-field>
				<field-name>AUXLONGCHAR02</field-name>
			</cmp-field>
			<cmp-field>
				<field-name>ID_DISPONIBILIDAD</field-name>
			</cmp-field>
			<cmp-field>
				<field-name>HABILITADO_TEMATIKA</field-name>
			</cmp-field>
			<primkey-field>ID_ARTICULO</primkey-field>
			<ejb-local-ref>
				<ejb-ref-name>Articulo</ejb-ref-name>
				<ejb-ref-type>Entity</ejb-ref-type>
				<local-home>com.tmk.articulo.ArticuloLocalHome</local-home>
				<local>com.tmk.articulo.ArticuloLocal</local>
				<ejb-link>ejb/Articulo</ejb-link>
			</ejb-local-ref>
			<security-identity>
				<use-caller-identity/>
			</security-identity>
			<resource-ref>
				<res-ref-name>jdbc/site</res-ref-name>
				<res-type>javax.sql.DataSource</res-type>
				<res-auth>Container</res-auth>
			</resource-ref>
		</entity>
		<!--entity>
			<display-name>ArticuloISBN</display-name>
			<ejb-name>ArticuloISBN</ejb-name-->
			<!--
			<home>com.tmk.articulo.ArticuloISBNHome</home>
			<remote>com.tmk.articulo.ArticuloISBN</remote>
			-->
			<!--local-home>com.tmk.articulo.ArticuloISBNLocalHome</local-home>
			<local>com.tmk.articulo.ArticuloISBNLocal</local>
			<ejb-class>com.tmk.articulo.ArticuloISBNBean</ejb-class>
			<persistence-type>Container</persistence-type>
			<prim-key-class>com.tmk.articulo.ArticuloISBNPK</prim-key-class>
			<reentrant>True</reentrant>
			<cmp-version>2.x</cmp-version>
			<abstract-schema-name>ARTICULOS_ISBN</abstract-schema-name>
			<cmp-field>
				<field-name>ID_ARTICULO</field-name>
			</cmp-field>
			<cmp-field>
				<field-name>ISBN</field-name>
			</cmp-field>
			<cmp-field>
				<field-name>TIPO_CODIGO</field-name>
			</cmp-field>
			<ejb-local-ref>
				<ejb-ref-name>ArticuloISBN</ejb-ref-name>
				<ejb-ref-type>Entity</ejb-ref-type>
				<local-home>com.tmk.articulo.ArticuloISBNLocalHome</local-home>
				<local>com.tmk.articulo.ArticuloISBNLocal</local>
				<ejb-link>ejb/ArticuloISBN</ejb-link>
			</ejb-local-ref>
			<security-identity>
				<use-caller-identity/>
			</security-identity>
			<resource-ref>
				<res-ref-name>jdbc/site</res-ref-name>
				<res-type>javax.sql.DataSource</res-type>
				<res-auth>Container</res-auth>
			</resource-ref>
			<query>
				<query-method>
					<method-name>findISBNs</method-name>
					<method-params>
						<method-param>java.lang.Integer</method-param>
					</method-params>
				</query-method>
				<ejb-ql>SELECT OBJECT(o) FROM ARTICULOS_ISBN AS o WHERE o.ID_ARTICULO = ?1</ejb-ql>
			</query>
		</entity-->
		<entity>
			<display-name>ArticuloTexto</display-name>
			<ejb-name>ArticuloTexto</ejb-name>
			<!--
			<home>com.tmk.articulo.ArticuloTextoHome</home>
			<remote>com.tmk.articulo.ArticuloTexto</remote>
			-->
			<local-home>com.tmk.articulo.ArticuloTextoLocalHome</local-home>
			<local>com.tmk.articulo.ArticuloTextoLocal</local>
			<ejb-class>com.tmk.articulo.ArticuloTextoBean</ejb-class>
			<persistence-type>Container</persistence-type>
			<prim-key-class>com.tmk.articulo.ArticuloTextoPK</prim-key-class>
			<reentrant>True</reentrant>
			<cmp-version>2.x</cmp-version>
			<abstract-schema-name>ARTICULOS_TEXTOS</abstract-schema-name>
			<cmp-field>
				<field-name>ID_ARTICULO</field-name>
			</cmp-field>
			<cmp-field>
				<field-name>TIPO</field-name>
			</cmp-field>
			<cmp-field>
				<field-name>PARTE</field-name>
			</cmp-field>
			<cmp-field>
				<field-name>TIPO_TEXTO</field-name>
			</cmp-field>
			<cmp-field>
				<field-name>TEXTO</field-name>
			</cmp-field>
			<cmp-field>
				<field-name>ID_AUTOR</field-name>
			</cmp-field>
			<cmp-field>
				<field-name>ROLE</field-name>
			</cmp-field>
			<cmp-field>
				<field-name>IDIOMA</field-name>
			</cmp-field>
			<ejb-local-ref>
				<ejb-ref-name>ArticuloTexto</ejb-ref-name>
				<ejb-ref-type>Entity</ejb-ref-type>
				<local-home>com.tmk.articulo.ArticuloTextoLocalHome</local-home>
				<local>com.tmk.articulo.ArticuloTextoLocal</local>
				<ejb-link>ejb/ArticuloTexto</ejb-link>
			</ejb-local-ref>
			<security-identity>
				<use-caller-identity/>
			</security-identity>
			<resource-ref>
				<res-ref-name>jdbc/site</res-ref-name>
				<res-type>javax.sql.DataSource</res-type>
				<res-auth>Container</res-auth>
			</resource-ref>
			<query>
				<query-method>
					<method-name>findTextos</method-name>
					<method-params>
						<method-param>java.lang.Integer</method-param>
						<method-param>java.lang.String</method-param>
					</method-params>
				</query-method>
				<ejb-ql>SELECT OBJECT(o) FROM ARTICULOS_TEXTOS AS o WHERE o.ID_ARTICULO = ?1 AND o.TIPO = ?2</ejb-ql>
			</query>
		</entity>
		<entity>
			<display-name>Autor</display-name>
			<ejb-name>Autor</ejb-name>
			<!--
			<home>com.tmk.articulo.AutorHome</home>
			<remote>com.tmk.articulo.Autor</remote>
			-->
			<local-home>com.tmk.articulo.AutorLocalHome</local-home>
			<local>com.tmk.articulo.AutorLocal</local>
			<ejb-class>com.tmk.articulo.AutorBean</ejb-class>
			<persistence-type>Container</persistence-type>
			<prim-key-class>java.lang.Integer</prim-key-class>
			<reentrant>True</reentrant>
			<cmp-version>2.x</cmp-version>
			<abstract-schema-name>AUTORES</abstract-schema-name>
			<cmp-field>
				<field-name>ID_AUTOR</field-name>
			</cmp-field>
			<cmp-field>
				<field-name>DESCRIPCION</field-name>
			</cmp-field>
			<primkey-field>ID_AUTOR</primkey-field>
			<ejb-local-ref>
				<ejb-ref-name>Autor</ejb-ref-name>
				<ejb-ref-type>Entity</ejb-ref-type>
				<local-home>com.tmk.articulo.AutorLocalHome</local-home>
				<local>com.tmk.articulo.AutorLocal</local>
				<ejb-link>ejb/Autor</ejb-link>
			</ejb-local-ref>
			<security-identity>
				<use-caller-identity/>
			</security-identity>
			<resource-ref>
				<res-ref-name>jdbc/site</res-ref-name>
				<res-type>javax.sql.DataSource</res-type>
				<res-auth>Container</res-auth>
			</resource-ref>
		</entity>
		<!--entity>
			<display-name>Impuesto</display-name>
			<ejb-name>Impuesto</ejb-name-->
			<!--
			<home>com.tmk.articulo.ImpuestoHome</home>
			<remote>com.tmk.articulo.Impuesto</remote>
			-->
			<!--local-home>com.tmk.articulo.ImpuestoLocalHome</local-home>
			<local>com.tmk.articulo.ImpuestoLocal</local>
			<ejb-class>com.tmk.articulo.ImpuestoBean</ejb-class>
			<persistence-type>Container</persistence-type>
			<prim-key-class>java.lang.String</prim-key-class>
			<reentrant>True</reentrant>
			<cmp-version>2.x</cmp-version>
			<abstract-schema-name>IMPUESTOS</abstract-schema-name>
			<cmp-field>
				<field-name>ID_IMPUESTO</field-name>
			</cmp-field>
			<cmp-field>
				<field-name>DESCRIPCION</field-name>
			</cmp-field>
			<cmp-field>
				<field-name>CUENTA_MASCARA</field-name>
			</cmp-field>
			<cmp-field>
				<field-name>ANULADO</field-name>
			</cmp-field>
			<primkey-field>ID_IMPUESTO</primkey-field>
			<ejb-local-ref>
				<ejb-ref-name>Impuesto</ejb-ref-name>
				<ejb-ref-type>Entity</ejb-ref-type>
				<local-home>com.tmk.articulo.ImpuestoLocalHome</local-home>
				<local>com.tmk.articulo.ImpuestoLocal</local>
				<ejb-link>ejb/Impuesto</ejb-link>
			</ejb-local-ref>
			<security-identity>
				<use-caller-identity/>
			</security-identity>
			<resource-ref>
				<res-ref-name>jdbc/site</res-ref-name>
				<res-type>javax.sql.DataSource</res-type>
				<res-auth>Container</res-auth>
			</resource-ref>
		</entity-->
		<!--entity>
			<display-name>TipoDeArticulo</display-name>
			<ejb-name>TipoDeArticulo</ejb-name-->
			<!--
			<home>com.tmk.articulo.TipoDeArticuloHome</home>
			<remote>com.tmk.articulo.TipoDeArticulo</remote>
			-->
			<!--local-home>com.tmk.articulo.TipoDeArticuloLocalHome</local-home>
			<local>com.tmk.articulo.TipoDeArticuloLocal</local>
			<ejb-class>com.tmk.articulo.TipoDeArticuloBean</ejb-class>
			<persistence-type>Container</persistence-type>
			<prim-key-class>java.lang.String</prim-key-class>
			<reentrant>True</reentrant>
			<cmp-version>2.x</cmp-version>
			<abstract-schema-name>TIPOS_ARTICULOS</abstract-schema-name>
			<cmp-field>
				<field-name>ID_TIPO_ARTICULO</field-name>
			</cmp-field>
			<cmp-field>
				<field-name>DESCRIPCION</field-name>
			</cmp-field>
			<cmp-field>
				<field-name>CUENTA_MASCARA</field-name>
			</cmp-field>
			<primkey-field>ID_TIPO_ARTICULO</primkey-field>
			<ejb-local-ref>
				<ejb-ref-name>TipoDeArticulo</ejb-ref-name>
				<ejb-ref-type>Entity</ejb-ref-type>
				<local-home>com.tmk.articulo.TipoDeArticuloHome</local-home>
				<local>com.tmk.articulo.TipoDeArticulo</local>
				<ejb-link>ejb/TipoDeArticulo</ejb-link>
			</ejb-local-ref>
			<security-identity>
				<use-caller-identity/>
			</security-identity>
			<resource-ref>
				<res-ref-name>jdbc/site</res-ref-name>
				<res-type>javax.sql.DataSource</res-type>
				<res-auth>Container</res-auth>
			</resource-ref>
		</entity-->
		<entity>
			<display-name>Editor</display-name>
			<ejb-name>Editor</ejb-name>
			<!--
			<home>com.tmk.articulo.EditorHome</home>
			<remote>com.tmk.articulo.Editor</remote>
			-->
			<local-home>com.tmk.articulo.EditorLocalHome</local-home>
			<local>com.tmk.articulo.EditorLocal</local>
			<ejb-class>com.tmk.articulo.EditorBean</ejb-class>
			<persistence-type>Container</persistence-type>
			<prim-key-class>java.lang.Integer</prim-key-class>
			<reentrant>True</reentrant>
			<cmp-version>2.x</cmp-version>
			<abstract-schema-name>EDITORES</abstract-schema-name>
			<cmp-field>
				<field-name>ID_EDITOR</field-name>
			</cmp-field>
			<cmp-field>
				<field-name>NOMBRE</field-name>
			</cmp-field>
			<cmp-field>
				<field-name>RAZON_SOCIAL</field-name>
			</cmp-field>
			<cmp-field>
				<field-name>DIRECCION</field-name>
			</cmp-field>
			<cmp-field>
				<field-name>CODIGO_POSTAL</field-name>
			</cmp-field>
			<cmp-field>
				<field-name>TELEFONO</field-name>
			</cmp-field>
			<cmp-field>
				<field-name>FAX</field-name>
			</cmp-field>
			<cmp-field>
				<field-name>EMAIL</field-name>
			</cmp-field>
			<cmp-field>
				<field-name>CUIT</field-name>
			</cmp-field>
			<cmp-field>
				<field-name>OBSERVACIONES</field-name>
			</cmp-field>
			<cmp-field>
				<field-name>ID_PAIS</field-name>
			</cmp-field>
			<cmp-field>
				<field-name>ID_PROVINCIA</field-name>
			</cmp-field>
			<cmp-field>
				<field-name>ID_LOCALIDAD</field-name>
			</cmp-field>
            <!--busqueda de editoriales-->
            <cmp-field>
				<field-name>URL</field-name>
			</cmp-field>
            <!--busqueda de editoriales-->
			<primkey-field>ID_EDITOR</primkey-field>
			<ejb-local-ref>
				<ejb-ref-name>Editor</ejb-ref-name>
				<ejb-ref-type>Entity</ejb-ref-type>
				<local-home>com.tmk.articulo.EditorHome</local-home>
				<local>com.tmk.articulo.Editor</local>
				<ejb-link>ejb/Editor</ejb-link>
			</ejb-local-ref>
			<security-identity>
				<use-caller-identity/>
			</security-identity>
			<resource-ref>
				<res-ref-name>jdbc/site</res-ref-name>
				<res-type>javax.sql.DataSource</res-type>
				<res-auth>Container</res-auth>
			</resource-ref>
            <!--busqueda de editoriales-->
            <query>
				<query-method>
					<method-name>findByNombreEditorial</method-name>
					<method-params>
						<method-param>java.lang.Integer</method-param>
						<method-param>java.lang.String</method-param>
					</method-params>
				</query-method>
				<result-type-mapping>Local</result-type-mapping>
				<ejb-ql>SELECT OBJECT(o) FROM EDITORES AS o </ejb-ql>
			</query>
            <!--busqueda de editoriales-->
		</entity>
		<entity>
			<display-name>Proveedor</display-name>
			<ejb-name>Proveedor</ejb-name>
			<!--
			<home>com.tmk.articulo.ProveedorHome</home>
			<remote>com.tmk.articulo.Proveedor</remote>
			-->
			<local-home>com.tmk.articulo.ProveedorLocalHome</local-home>
			<local>com.tmk.articulo.ProveedorLocal</local>
			<ejb-class>com.tmk.articulo.ProveedorBean</ejb-class>
			<persistence-type>Container</persistence-type>
			<prim-key-class>java.lang.Integer</prim-key-class>
			<reentrant>True</reentrant>
			<cmp-version>2.x</cmp-version>
			<abstract-schema-name>PROVEEDORES</abstract-schema-name>
			<cmp-field>
				<field-name>ID_PROVEEDOR</field-name>
			</cmp-field>
			<cmp-field>
				<field-name>NOMBRE</field-name>
			</cmp-field>
			<cmp-field>
				<field-name>RAZON_SOCIAL</field-name>
			</cmp-field>
			<primkey-field>ID_PROVEEDOR</primkey-field>
			<ejb-local-ref>
				<ejb-ref-name>Proveedor</ejb-ref-name>
				<ejb-ref-type>Entity</ejb-ref-type>
				<local-home>com.tmk.articulo.ProveedorHome</local-home>
				<local>com.tmk.articulo.Proveedor</local>
				<ejb-link>ejb/Proveedor</ejb-link>
			</ejb-local-ref>
			<security-identity>
				<use-caller-identity/>
			</security-identity>
			<resource-ref>
				<res-ref-name>jdbc/site</res-ref-name>
				<res-type>javax.sql.DataSource</res-type>
				<res-auth>Container</res-auth>
			</resource-ref>
		</entity>
		<!--entity>
			<display-name>Disponibilidad</display-name>
			<ejb-name>Disponibilidad</ejb-name-->
			<!--
			<home>com.tmk.articulo.DisponibilidadHome</home>
			<remote>com.tmk.articulo.Disponibilidad</remote>
			-->
			<!--local-home>com.tmk.articulo.DisponibilidadLocalHome</local-home>
			<local>com.tmk.articulo.DisponibilidadLocal</local>
			<ejb-class>com.tmk.articulo.DisponibilidadBean</ejb-class>
			<persistence-type>Container</persistence-type>
			<prim-key-class>java.lang.Integer</prim-key-class>
			<reentrant>True</reentrant>
			<cmp-version>2.x</cmp-version>
			<abstract-schema-name>DISPONIBILIDADES</abstract-schema-name>
			<cmp-field>
				<field-name>ID_DISPONIBILIDAD</field-name>
			</cmp-field>
			<cmp-field>
				<field-name>DESCRIPCION</field-name>
			</cmp-field>
			<cmp-field>
				<field-name>PEDIDO_ESPECIAL</field-name>
			</cmp-field>
			<primkey-field>ID_DISPONIBILIDAD</primkey-field>
			<ejb-local-ref>
				<ejb-ref-name>Disponibilidad</ejb-ref-name>
				<ejb-ref-type>Entity</ejb-ref-type>
				<local-home>com.tmk.articulo.DisponibilidadHome</local-home>
				<local>com.tmk.articulo.Disponibilidad</local>
				<ejb-link>ejb/Disponibilidad</ejb-link>
			</ejb-local-ref>
			<security-identity>
				<use-caller-identity/>
			</security-identity>
			<resource-ref>
				<res-ref-name>jdbc/site</res-ref-name>
				<res-type>javax.sql.DataSource</res-type>
				<res-auth>Container</res-auth>
			</resource-ref>
			<query>
				<query-method>
					<method-name>findAll</method-name>
					<method-params/>
				</query-method>
				<result-type-mapping>Local</result-type-mapping>
				<ejb-ql>SELECT OBJECT(o) FROM DISPONIBILIDADES AS o</ejb-ql>
			</query>
		</entity-->
		<entity>
			<display-name>ArticuloAutores</display-name>
			<ejb-name>ArticuloAutores</ejb-name>
			<!--
			<home>com.tmk.articulo.ArticuloAutoresHome</home>
			<remote>com.tmk.articulo.ArticuloAutores</remote>
			-->
			<local-home>com.tmk.articulo.ArticuloAutoresLocalHome</local-home>
			<local>com.tmk.articulo.ArticuloAutoresLocal</local>
			<ejb-class>com.tmk.articulo.ArticuloAutoresBean</ejb-class>
			<persistence-type>Container</persistence-type>
			<prim-key-class>com.tmk.articulo.ArticuloAutoresPK</prim-key-class>
			<reentrant>True</reentrant>
			<cmp-version>2.x</cmp-version>
			<abstract-schema-name>ARTICULOS_AUTORES</abstract-schema-name>
			<cmp-field>
				<field-name>ID_ARTICULO</field-name>
			</cmp-field>
			<cmp-field>
				<field-name>ID_AUTOR</field-name>
			</cmp-field>
			<cmp-field>
				<field-name>ORDEN</field-name>
			</cmp-field>
			<cmp-field>
				<field-name>ROLE</field-name>
			</cmp-field>
			<ejb-local-ref>
				<ejb-ref-name>ArticuloAutores</ejb-ref-name>
				<ejb-ref-type>Entity</ejb-ref-type>
				<local-home>com.tmk.articulo.ArticuloAutoresLocalHome</local-home>
				<local>com.tmk.articulo.ArticuloAutoresLocal</local>
				<ejb-link>ejb/ArticuloAutores</ejb-link>
			</ejb-local-ref>
			<security-identity>
				<use-caller-identity/>
			</security-identity>
			<resource-ref>
				<res-ref-name>jdbc/site</res-ref-name>
				<res-type>javax.sql.DataSource</res-type>
				<res-auth>Container</res-auth>
			</resource-ref>
			<query>
				<query-method>
					<method-name>findAutores</method-name>
					<method-params>
						<method-param>java.lang.Integer</method-param>
						<method-param>java.lang.String</method-param>
					</method-params>
				</query-method>
				<result-type-mapping>Local</result-type-mapping>
				<ejb-ql>SELECT OBJECT(o) FROM ARTICULOS_AUTORES AS o WHERE o.ID_ARTICULO = ?1 AND o.ROLE = ?2</ejb-ql>
			</query>
		</entity>

		<display-name>Articulo</display-name>
		<ejb-name>Articulo</ejb-name>
		<!--
		<home>com.tmk.articulo.ArticuloHome</home>
		<remote>com.tmk.articulo.Articulo</remote>
		-->
		<entity>
         <display-name>ArticuloReducido</display-name>
         <ejb-name>ArticuloReducido</ejb-name>
         <local-home>com.tmk.articulo.ArticuloReducidoLocalHome</local-home>
         <local>com.tmk.articulo.ArticuloReducidoLocal</local>
         <ejb-class>com.tmk.articulo.ArticuloReducidoBean</ejb-class>
         <persistence-type>Container</persistence-type>
         <prim-key-class>java.lang.Integer</prim-key-class>
         <reentrant>True</reentrant>
         <cmp-version>2.x</cmp-version>
         <abstract-schema-name>ARTICULOS</abstract-schema-name>
         <cmp-field>
            <field-name>ID_ARTICULO</field-name>
         </cmp-field>
         <cmp-field>
            <field-name>TITULO</field-name>
         </cmp-field>
		 <cmp-field>
            <field-name>PRECIO_VENTA_VIGENTE</field-name>
         </cmp-field>
		 <cmp-field>
            <field-name>ID_DISPONIBILIDAD</field-name>
         </cmp-field>
		 <cmp-field>
            <field-name>HABILITADO_TEMATIKA</field-name>
         </cmp-field>
		 <cmp-field>
            <field-name>ID_IMPUESTO</field-name>
         </cmp-field>
		 <cmp-field>
            <field-name>CATEGORIA_SECCION</field-name>
         </cmp-field>
		 <cmp-field>
			<field-name>CATEGORIA_GRUPO</field-name>
		 </cmp-field>
  		 <cmp-field>
			<field-name>CATEGORIA_FAMILIA</field-name>
		 </cmp-field>
		 <cmp-field>
			<field-name>CATEGORIA_SUBFAMILIA</field-name>
		 </cmp-field>
		 <cmp-field>
			<field-name>ID_EDITOR</field-name>
		 </cmp-field>
		 <cmp-field>
			<field-name>ID_PROVEEDOR</field-name>
		 </cmp-field>
		 <cmp-field>
		   <field-name>COD_EXT_VISUAL</field-name>
		 </cmp-field>
		 <cmp-field>
		   <field-name>ID_TIPO_ARTICULO</field-name>
		 </cmp-field>
		<cmp-field>
			<field-name>AUXNUMBER03</field-name>
		</cmp-field>
		<cmp-field>
			<field-name>DESCRIPCION</field-name>
		</cmp-field>
	      <primkey-field>ID_ARTICULO</primkey-field>
        <ejb-local-ref>
			<ejb-ref-name>ArticuloReducido</ejb-ref-name>
			<ejb-ref-type>Entity</ejb-ref-type>
			<local-home>com.tmk.articulo.ArticuloReducidoLocalHome</local-home>
			<local>com.tmk.articulo.ArticuloReducidoLocal</local>
			<ejb-link>ejb/ArticuloReducido</ejb-link>
		</ejb-local-ref>
		<security-identity>
			<use-caller-identity/>
		</security-identity>
		<resource-ref>
			<res-ref-name>jdbc/site</res-ref-name>
			<res-type>javax.sql.DataSource</res-type>
			<res-auth>Container</res-auth>
		</resource-ref>
      </entity>
	</enterprise-beans>
</ejb-jar>