<?xml version="1.0" encoding="UTF-8"?>
<!DOCTYPE ejb-jar PUBLIC "-//Sun Microsystems, Inc.//DTD Enterprise JavaBeans 2.0//EN" "http://java.sun.com/dtd/ejb-jar_2_0.dtd">
<ejb-jar>
	<enterprise-beans>
		<entity>
			<display-name>Orden</display-name>
			<ejb-name>Orden</ejb-name>
			<!--
			<home>com.tmk.orden.OrdenHome</home>
			<remote>com.tmk.orden.Orden</remote>
			-->
			<local-home>com.tmk.orden.OrdenLocalHome</local-home>
			<local>com.tmk.orden.OrdenLocal</local>
			<ejb-class>com.tmk.orden.OrdenBean</ejb-class>
			<persistence-type>Container</persistence-type>
			<prim-key-class>java.lang.Integer</prim-key-class>
			<reentrant>True</reentrant>
			<cmp-version>2.x</cmp-version>
			<abstract-schema-name>ORDEN</abstract-schema-name>
			<cmp-field>
				<field-name>ID_ORDEN</field-name>
			</cmp-field>
			<cmp-field>
				<field-name>FECHA</field-name>
			</cmp-field>
			<cmp-field>
				<field-name>NETO</field-name>
			</cmp-field>
			<cmp-field>
				<field-name>ESTADO</field-name>
			</cmp-field>
			<cmp-field>
				<field-name>ID_SUCURSAL_SOCIO</field-name>
			</cmp-field>
			<cmp-field>
				<field-name>ID_SOCIO</field-name>
			</cmp-field>
			<cmp-field>
				<field-name>TOTAL</field-name>
			</cmp-field>
			<cmp-field>
				<field-name>TELEFONO</field-name>
			</cmp-field>
			<cmp-field>
				<field-name>HR_CONTACTO</field-name>
			</cmp-field>
			<cmp-field>
				<field-name>COMENTARIOS</field-name>
			</cmp-field>
			<cmp-field>
				<field-name>NIVEL_RIESGO</field-name>
			</cmp-field>
			<cmp-field>
				<field-name>MOTIVO_RIESGO</field-name>
			</cmp-field>
			<cmp-field>
				<field-name>ID_ALIANZA</field-name>
			</cmp-field>
			<cmp-field>
				<field-name>ID_SECCION</field-name>
			</cmp-field>
			<cmp-field>
				<field-name>ID_DOMINIO</field-name>
			</cmp-field>
			<cmp-field>
				<field-name>ID_ORDEN_MOTIVO_RIESGO</field-name>
			</cmp-field>
			<cmp-field>
				<field-name>NOMBRES_RECEPTOR</field-name>
			</cmp-field>
			<cmp-field>
				<field-name>APELLIDOS_RECEPTOR</field-name>
			</cmp-field>
			<cmp-field>
				<field-name>CUPON</field-name>
			</cmp-field>
			<cmp-field>
				<field-name>CPF_CNPJ</field-name>
			</cmp-field>
			<cmp-field>
                <field-name>NRO_DOC_RECEPTOR</field-name>
			</cmp-field>
			<cmp-field>
                <field-name>TIPO_DOC_RECEPTOR</field-name>
			</cmp-field>
			<cmp-field>
                <field-name>RANGO_HORARIO_RECEPTOR</field-name>
			</cmp-field>
			<cmp-field>
                <field-name>FAC_ELC_ENV</field-name>
			</cmp-field>
			<primkey-field>ID_ORDEN</primkey-field>
			<ejb-local-ref>
				<ejb-ref-name>Orden</ejb-ref-name>
				<ejb-ref-type>Entity</ejb-ref-type>
				<local-home>com.tmk.orden.OrdenLocalHome</local-home>
				<local>com.tmk.orden.OrdenLocal</local>
				<ejb-link>ejb/Orden</ejb-link>
			</ejb-local-ref>
			<security-identity>
				<use-caller-identity/>
			</security-identity>
			<resource-ref>
				<res-ref-name>jdbc/site</res-ref-name>
				<res-type>javax.sql.DataSource</res-type>
				<res-auth>Container</res-auth>
			</resource-ref>
			<query>
				<query-method>
					<method-name>findAll</method-name>
					<method-params>
					</method-params>
				</query-method>
				<ejb-ql>SELECT OBJECT(o) FROM ORDEN AS o</ejb-ql>
			</query>
			<query>
				<query-method>
					<method-name>findOrdenesEnProceso</method-name>
					<method-params>
						<method-param>java.lang.Integer</method-param>
						<method-param>java.lang.Integer</method-param>
					</method-params>
				</query-method>
				<ejb-ql>SELECT OBJECT(o) FROM ORDEN AS o WHERE o.ID_SUCURSAL_SOCIO = ?1 AND o.ID_SOCIO = ?2</ejb-ql>
			</query>
			<query>
				<query-method>
					<method-name>findOrdenesProcesadas</method-name>
					<method-params>
						<method-param>java.lang.Integer</method-param>
						<method-param>java.lang.Integer</method-param>
					</method-params>
				</query-method>
				<ejb-ql>SELECT OBJECT(o) FROM ORDEN AS o WHERE o.ID_SUCURSAL_SOCIO = ?1 AND o.ID_SOCIO = ?2</ejb-ql>
			</query>
			<query>
				<query-method>
					<method-name>findOrdenesEnEstado</method-name>
					<method-params>
						<method-param>java.lang.Integer</method-param>
						<method-param>java.lang.String</method-param>
						<method-param>java.lang.Integer</method-param>
						<method-param>java.lang.String</method-param>
					</method-params>
				</query-method>
				<ejb-ql>SELECT OBJECT(o) FROM ORDEN AS o</ejb-ql>
			</query>
			<query>
				<query-method>
					<method-name>findOrdenesEnEstadoParaEfectivo</method-name>
					<method-params>
						<method-param>java.lang.Integer</method-param>
						<method-param>java.lang.String</method-param>
						<method-param>java.lang.Integer</method-param>
						<method-param>java.lang.String</method-param>
					</method-params>
				</query-method>
				<ejb-ql>SELECT OBJECT(o) FROM ORDEN AS o</ejb-ql>
			</query>
			<query>
				<query-method>
					<method-name>findOrdenesDelDia</method-name>
					<method-params>
					</method-params>
				</query-method>
				<ejb-ql>SELECT OBJECT(o) FROM ORDEN AS o</ejb-ql>
			</query>
			<query>
				<query-method>
					<method-name>findOrdenesParecidas</method-name>
					<method-params>
					</method-params>
				</query-method>
				<ejb-ql>SELECT OBJECT(o) FROM ORDEN AS o</ejb-ql>
			</query>
			<query>
				<query-method>
					<method-name>findOrdenesFraudulentas</method-name>
					<method-params>
					</method-params>
				</query-method>
				<ejb-ql>SELECT OBJECT(o) FROM ORDEN AS o</ejb-ql>
			</query>
			<query>
				<query-method>
					<method-name>findOrdenesRelacionadas</method-name>
					<method-params>
						<method-param>java.lang.Integer</method-param>
					</method-params>
				</query-method>
				<ejb-ql>SELECT OBJECT(o) FROM ORDEN AS o</ejb-ql>
			</query>
			<query>
				<query-method>
					<method-name>findOrdenesPorSocio</method-name>
					<method-params>
						<method-param>java.lang.Integer</method-param>
						<method-param>java.lang.Integer</method-param>
					</method-params>
				</query-method>
				<ejb-ql>SELECT OBJECT(o) FROM ORDEN AS o</ejb-ql>
			</query>
			<query>
				<query-method>
					<method-name>findUltimasOrdenes</method-name>
					<method-params>
					</method-params>
				</query-method>
				<ejb-ql>SELECT OBJECT(o) FROM ORDEN AS o</ejb-ql>
			</query>
			<query>
				<query-method>
					<method-name>findOrdenesRetrasadas</method-name>
					<method-params>
					</method-params>
				</query-method>
				<ejb-ql>SELECT OBJECT(o) FROM ORDEN AS o</ejb-ql>
			</query>
		</entity>
		<entity>
			<display-name>PagoOrden</display-name>
			<ejb-name>PagoOrden</ejb-name>
			<!--
			<home>com.tmk.orden.PagoOrdenHome</home>
			<remote>com.tmk.orden.PagoOrden</remote>
			-->
			<local-home>com.tmk.orden.PagoOrdenLocalHome</local-home>
			<local>com.tmk.orden.PagoOrdenLocal</local>
			<ejb-class>com.tmk.orden.PagoOrdenBean</ejb-class>
			<persistence-type>Container</persistence-type>
			<prim-key-class>com.tmk.orden.PagoOrdenPK</prim-key-class>
			<reentrant>True</reentrant>
			<cmp-version>2.x</cmp-version>
			<abstract-schema-name>
                PAGO_ORDEN</abstract-schema-name>
			<cmp-field>
				<field-name>ID_ORDEN</field-name>
			</cmp-field>
			<cmp-field>
				<field-name>ID_MEDIO_COBRO</field-name>
			</cmp-field>
			<cmp-field>
				<field-name>IMPORTE</field-name>
			</cmp-field>
			<cmp-field>
				<field-name>CUOTAS</field-name>
			</cmp-field>
			<cmp-field>
				<field-name>COEFICIENTE</field-name>
			</cmp-field>
			<cmp-field>
				<field-name>MONEDA</field-name>
			</cmp-field>
			<cmp-field>
				<field-name>CAMBIO</field-name>
			</cmp-field>
			<ejb-local-ref>
				<ejb-ref-name>PagoOrden</ejb-ref-name>
				<ejb-ref-type>Entity</ejb-ref-type>
				<local-home>com.tmk.orden.PagoOrdenLocalHome</local-home>
				<local>com.tmk.orden.PagoOrdenLocal</local>
				<ejb-link>ejb/PagoOrden</ejb-link>
			</ejb-local-ref>
			<security-identity>
				<use-caller-identity/>
			</security-identity>
			<resource-ref>
				<res-ref-name>jdbc/site</res-ref-name>
				<res-type>javax.sql.DataSource</res-type>
				<res-auth>Container</res-auth>
			</resource-ref>
			<query>
				<query-method>
					<method-name>findByIdOrden</method-name>
					<method-params>
						<method-param>java.lang.Integer</method-param>
					</method-params>
				</query-method>
				<ejb-ql>SELECT OBJECT(o) FROM PAGO_ORDEN AS o WHERE o.ID_ORDEN = ?1</ejb-ql>
			</query>
		</entity>
		<entity>
			<display-name>DireccionOrden</display-name>
			<ejb-name>DireccionOrden</ejb-name>
			<!--
			<home>com.tmk.orden.DireccionOrdenHome</home>
			<remote>com.tmk.orden.DireccionOrden</remote>
			-->
			<local-home>com.tmk.orden.DireccionOrdenLocalHome</local-home>
			<local>com.tmk.orden.DireccionOrdenLocal</local>
			<ejb-class>com.tmk.orden.DireccionOrdenBean</ejb-class>
			<persistence-type>Container</persistence-type>
			<prim-key-class>com.tmk.orden.DireccionOrdenPK</prim-key-class>
			<reentrant>True</reentrant>
			<cmp-version>2.x</cmp-version>
			<abstract-schema-name>DIRECCION_ORDEN</abstract-schema-name>
			<cmp-field>
				<field-name>ID_ORDEN</field-name>
			</cmp-field>
			<cmp-field>
				<field-name>ID_SUCURSAL_SOCIO</field-name>
			</cmp-field>
			<cmp-field>
				<field-name>ID_SOCIO</field-name>
			</cmp-field>
			<cmp-field>
				<field-name>TIPO_DOMICILIO</field-name>
			</cmp-field>
			<ejb-local-ref>
				<ejb-ref-name>DireccionOrden</ejb-ref-name>
				<ejb-ref-type>Entity</ejb-ref-type>
				<local-home>com.tmk.orden.DireccionOrdenLocalHome</local-home>
				<local>com.tmk.orden.DireccionOrdenLocal</local>
				<ejb-link>ejb/DireccionOrden</ejb-link>
			</ejb-local-ref>
			<security-identity>
				<use-caller-identity/>
			</security-identity>
			<resource-ref>
				<res-ref-name>jdbc/site</res-ref-name>
				<res-type>javax.sql.DataSource</res-type>
				<res-auth>Container</res-auth>
			</resource-ref>
			<query>
				<query-method>
					<method-name>findByOrden</method-name>
					<method-params>
						<method-param>java.lang.Integer</method-param>
					</method-params>
				</query-method>
				<ejb-ql>SELECT OBJECT(o) FROM DIRECCION_ORDEN AS o WHERE o.ID_ORDEN = ?1</ejb-ql>
			</query>
		</entity>
		<entity>
			<display-name>ItemOrden</display-name>
			<ejb-name>ItemOrden</ejb-name>
			<!--
			<home>com.tmk.orden.ItemOrdenHome</home>
			<remote>com.tmk.orden.ItemOrden</remote>
			-->
			<local-home>com.tmk.orden.ItemOrdenLocalHome</local-home>
			<local>com.tmk.orden.ItemOrdenLocal</local>
			<ejb-class>com.tmk.orden.ItemOrdenBean</ejb-class>
			<persistence-type>Container</persistence-type>
			<prim-key-class>com.tmk.orden.ItemOrdenPK</prim-key-class>
			<reentrant>True</reentrant>
			<cmp-version>2.x</cmp-version>
			<abstract-schema-name>ITEM_ORDEN</abstract-schema-name>
			<cmp-field>
				<field-name>ID_ORDEN</field-name>
			</cmp-field>
			<cmp-field>
				<field-name>ID_ARTICULO</field-name>
			</cmp-field>
			<cmp-field>
				<field-name>CANTIDAD</field-name>
			</cmp-field>
			<cmp-field>
				<field-name>PRECIO_ORIGINAL</field-name>
			</cmp-field>
			<cmp-field>
				<field-name>ID_PAPEL_REGALO</field-name>
			</cmp-field>
			<cmp-field>
				<field-name>PRECIO_UNITARIO</field-name>
			</cmp-field>
			<cmp-field>
				<field-name>PRECIO_DESCUENTO</field-name>
			</cmp-field>
			<cmp-field>
				<field-name>PRECIO_PROMOCION</field-name>
			</cmp-field>
			<cmp-field>
				<field-name>ID_LISTA_PVP</field-name>
			</cmp-field>
			<cmp-field>
				<field-name>ESTADO</field-name>
			</cmp-field>
			<cmp-field>
				<field-name>ID_PROMOCION</field-name>
			</cmp-field>
			<cmp-field>
				<field-name>PRECIO_PROMOCION_SIN_IMPUESTOS</field-name>
			</cmp-field>
			<cmp-field>
				<field-name>ID_ARTICULO_MOL</field-name>
			</cmp-field>
			<cmp-field>
				<field-name>ITEM</field-name>
			</cmp-field>
			<cmp-field>
				<field-name>ID_PROMOCION2</field-name>
			</cmp-field>
			<cmp-field>
				<field-name>ID_PROMOCION3</field-name>
			</cmp-field>			
			<cmp-field>
				<field-name>ID_PROMOCION4</field-name>
			</cmp-field>
			<cmp-field>
				<field-name>ID_PROMOCION5</field-name>
			</cmp-field>
			<cmp-field>
				<field-name>ID_CAMPAIGN</field-name>
			</cmp-field>
			<ejb-local-ref>
				<ejb-ref-name>ItemOrden</ejb-ref-name>
				<ejb-ref-type>Entity</ejb-ref-type>
				<local-home>com.tmk.orden.ItemOrdenLocalHome</local-home>
				<local>com.tmk.orden.ItemOrdenLocal</local>
				<ejb-link>ejb/ItemOrden</ejb-link>
			</ejb-local-ref>
			<security-identity>
				<use-caller-identity/>
			</security-identity>
			<resource-ref>
				<res-ref-name>jdbc/site</res-ref-name>
				<res-type>javax.sql.DataSource</res-type>
				<res-auth>Container</res-auth>
			</resource-ref>
			<query>
				<query-method>
					<method-name>findArticulos</method-name>
					<method-params>
						<method-param>java.lang.Integer</method-param>
					</method-params>
				</query-method>
				<ejb-ql>SELECT OBJECT(o) FROM ITEM_ORDEN AS o WHERE o.ID_ORDEN = ?1</ejb-ql>
			</query>
		</entity>
		<entity>
			<display-name>ItemOrdenImpuesto</display-name>
			<ejb-name>ItemOrdenImpuesto</ejb-name>
			<!--
			<home>com.tmk.orden.ItemOrdenImpuestoHome</home>
			<remote>com.tmk.orden.ItemOrdenImpuesto</remote>
			-->
			<local-home>com.tmk.orden.ItemOrdenImpuestoLocalHome</local-home>
			<local>com.tmk.orden.ItemOrdenImpuestoLocal</local>
			<ejb-class>com.tmk.orden.ItemOrdenImpuestoBean</ejb-class>
			<persistence-type>Container</persistence-type>
			<prim-key-class>com.tmk.orden.ItemOrdenImpuestoPK</prim-key-class>
			<reentrant>True</reentrant>
			<cmp-version>2.x</cmp-version>
			<abstract-schema-name>ITEM_ORDEN_IMPUESTO</abstract-schema-name>
			<cmp-field>
				<field-name>ID_ORDEN</field-name>
			</cmp-field>
			<cmp-field>
				<field-name>ID_ARTICULO</field-name>
			</cmp-field>
			<cmp-field>
				<field-name>TASA_GRAL</field-name>
			</cmp-field>
			<cmp-field>
				<field-name>VALOR_TASA_GRAL</field-name>
			</cmp-field>
			<cmp-field>
				<field-name>TASA_PERCEP_VIDEO</field-name>
			</cmp-field>
			<cmp-field>
				<field-name>VALOR_PERCEP_VIDEO</field-name>
			</cmp-field>
			<cmp-field>
				<field-name>ITEM</field-name>
			</cmp-field>
			<ejb-local-ref>
				<ejb-ref-name>ItemOrdenImpuesto</ejb-ref-name>
				<ejb-ref-type>Entity</ejb-ref-type>
				<local-home>com.tmk.orden.ItemOrdenImpuestoLocalHome</local-home>
				<local>com.tmk.orden.ItemOrdenImpuestoLocal</local>
				<ejb-link>ejb/ItemOrdenImpuesto</ejb-link>
			</ejb-local-ref>
			<security-identity>
				<use-caller-identity/>
			</security-identity>
			<resource-ref>
				<res-ref-name>jdbc/site</res-ref-name>
				<res-type>javax.sql.DataSource</res-type>
				<res-auth>Container</res-auth>
			</resource-ref>
		</entity>
		<entity>
			<display-name>NotaRegalo</display-name>
			<ejb-name>NotaRegalo</ejb-name>
			<!--
			<home>com.tmk.orden.NotaRegaloHome</home>
			<remote>com.tmk.orden.NotaRegalo</remote>
			-->
			<local-home>com.tmk.orden.NotaRegaloLocalHome</local-home>
			<local>com.tmk.orden.NotaRegaloLocal</local>
			<ejb-class>com.tmk.orden.NotaRegaloBean</ejb-class>
			<persistence-type>Container</persistence-type>
			<prim-key-class>com.tmk.orden.NotaRegaloPK</prim-key-class>
			<reentrant>True</reentrant>
			<cmp-version>2.x</cmp-version>
			<abstract-schema-name>NOTA_REGALO</abstract-schema-name>
			<cmp-field>
				<field-name>ID_ORDEN</field-name>
			</cmp-field>
			<cmp-field>
				<field-name>ID_ARTICULO</field-name>
			</cmp-field>
			<cmp-field>
				<field-name>NOTA_REGALO</field-name>
			</cmp-field>
			<cmp-field>
				<field-name>ITEM</field-name>
			</cmp-field>
			<ejb-local-ref>
				<ejb-ref-name>NotaRegalo</ejb-ref-name>
				<ejb-ref-type>Entity</ejb-ref-type>
				<local-home>com.tmk.orden.NotaRegaloLocalHome</local-home>
				<local>com.tmk.orden.NotaRegaloLocal</local>
				<ejb-link>ejb/NotaRegalo</ejb-link>
			</ejb-local-ref>
			<security-identity>
				<use-caller-identity/>
			</security-identity>
			<resource-ref>
				<res-ref-name>jdbc/site</res-ref-name>
				<res-type>javax.sql.DataSource</res-type>
				<res-auth>Container</res-auth>
			</resource-ref>
			<query>
				<query-method>
					<method-name>findAllByOrden</method-name>
					<method-params>
						<method-param>java.lang.Integer</method-param>
					</method-params>
				</query-method>
				<ejb-ql>SELECT OBJECT(o) FROM NOTA_REGALO AS o WHERE o.ID_ORDEN = ?1</ejb-ql>
			</query>
		</entity>
		<entity>
			<display-name>TarjetaOrden</display-name>
			<ejb-name>TarjetaOrden</ejb-name>
			<!--
			<home>com.tmk.orden.TarjetaOrdenHome</home>
			<remote>com.tmk.orden.TarjetaOrden</remote>
			-->
			<local-home>com.tmk.orden.TarjetaOrdenLocalHome</local-home>
			<local>com.tmk.orden.TarjetaOrdenLocal</local>
			<ejb-class>com.tmk.orden.TarjetaOrdenBean</ejb-class>
			<persistence-type>Container</persistence-type>
			<prim-key-class>com.tmk.orden.TarjetaOrdenPK</prim-key-class>
			<reentrant>True</reentrant>
			<cmp-version>2.x</cmp-version>
			<abstract-schema-name>TARJETA_ORDEN</abstract-schema-name>
			<cmp-field>
				<field-name>ID_ORDEN</field-name>
			</cmp-field>
			<cmp-field>
				<field-name>ID_MEDIO_COBRO</field-name>
			</cmp-field>
			<cmp-field>
				<field-name>NRO_TARJETA</field-name>
			</cmp-field>
			<cmp-field>
				<field-name>NOMBRE_CLIENTE</field-name>
			</cmp-field>
			<cmp-field>
				<field-name>CODIGO_RESPUESTA</field-name>
			</cmp-field>
			<cmp-field>
				<field-name>CODIGO_AUTORIZACION</field-name>
			</cmp-field>
			<cmp-field>
				<field-name>MENSAJE_GPAY</field-name>
			</cmp-field>
			<cmp-field>
				<field-name>TIPO_DOC</field-name>
			</cmp-field>
			<cmp-field>
				<field-name>NRO_DOC</field-name>
			</cmp-field>
			<cmp-field>
				<field-name>DIRECCION_RESUMEN</field-name>
			</cmp-field>
			<cmp-field>
				<field-name>P1</field-name>
			</cmp-field>
			<cmp-field>
				<field-name>P2</field-name>
			</cmp-field>
			<cmp-field>
				<field-name>P3</field-name>
			</cmp-field>
			<ejb-local-ref>
				<ejb-ref-name>TarjetaOrden</ejb-ref-name>
				<ejb-ref-type>Entity</ejb-ref-type>
				<local-home>com.tmk.orden.TarjetaOrdenLocalHome</local-home>
				<local>com.tmk.orden.TarjetaOrdenLocal</local>
				<ejb-link>ejb/TarjetaOrden</ejb-link>
			</ejb-local-ref>
			<security-identity>
				<use-caller-identity/>
			</security-identity>
			<resource-ref>
				<res-ref-name>jdbc/site</res-ref-name>
				<res-type>javax.sql.DataSource</res-type>
				<res-auth>Container</res-auth>
			</resource-ref>
		</entity>
		<entity>
			<display-name>CarritoCompra</display-name>
			<ejb-name>CarritoCompra</ejb-name>
			<!--
			<home>com.tmk.orden.CarritoCompraHome</home>
			<remote>com.tmk.orden.CarritoCompra</remote>
			-->
			<local-home>com.tmk.orden.CarritoCompraLocalHome</local-home>
			<local>com.tmk.orden.CarritoCompraLocal</local>
			<ejb-class>com.tmk.orden.CarritoCompraBean</ejb-class>
			<persistence-type>Container</persistence-type>
			<prim-key-class>com.tmk.orden.CarritoCompraPK</prim-key-class>
			<reentrant>True</reentrant>
			<cmp-version>2.x</cmp-version>
			<abstract-schema-name>CARRITO_COMPRA</abstract-schema-name>
			<cmp-field>
				<field-name>ID_SUCURSAL_SOCIO</field-name>
			</cmp-field>
			<cmp-field>
				<field-name>ID_SOCIO</field-name>
			</cmp-field>
			<cmp-field>
				<field-name>ID_ARTICULO</field-name>
			</cmp-field>
			<cmp-field>
				<field-name>CANTIDAD</field-name>
			</cmp-field>
			<cmp-field>
				<field-name>FECHA</field-name>
			</cmp-field>
			<ejb-local-ref>
				<ejb-ref-name>CarritoCompra</ejb-ref-name>
				<ejb-ref-type>Entity</ejb-ref-type>
				<local-home>com.tmk.orden.CarritoCompraLocalHome</local-home>
				<local>com.tmk.orden.CarritoCompraLocal</local>
				<ejb-link>ejb/CarritoCompra</ejb-link>
			</ejb-local-ref>
			<security-identity>
				<use-caller-identity/>
			</security-identity>
			<resource-ref>
				<res-ref-name>jdbc/site</res-ref-name>
				<res-type>javax.sql.DataSource</res-type>
				<res-auth>Container</res-auth>
			</resource-ref>
			<query>
				<query-method>
					<method-name>findAll</method-name>
					<method-params/>
				</query-method>
				<ejb-ql>SELECT OBJECT(o) FROM CARRITO_COMPRA AS o</ejb-ql>
			</query>
			<query>
				<query-method>
					<method-name>findByUser</method-name>
					<method-params>
						<method-param>java.lang.Integer</method-param>
						<method-param>java.lang.Integer</method-param>
					</method-params>
				</query-method>
				<ejb-ql>SELECT OBJECT(o) FROM CARRITO_COMPRA AS o WHERE o.ID_SUCURSAL_SOCIO = ?1 AND o.ID_SOCIO = ?2</ejb-ql>
			</query>
		</entity>
	</enterprise-beans>
</ejb-jar>
